
DELETE FROM `sso_department`;
INSERT INTO `sso_department` (`id`, `dept_name`, `code`, `parent_id`, `parent_code`, `source_type`, `auto_sync`, `sync_batch_no`, `dept_state`, `creation_date`, `modification_date`) VALUES ('402881f844e2391c0144e2396def0001', '总裁办', '0001', NULL, '0', 0, 1, '0', 0, '2014-03-21', NULL), ('402881f844e2391c0144e2396e980002', '销售部', '0002', NULL, '0', 0, 1, '0', 0, '2014-03-21', NULL), ('402881f844e2391c0144e2396eb60003', '财务部', '0003', NULL, '0', 0, 1, '0', 0, '2014-03-21', NULL), ('402881f844e2391c0144e2396ef60004', '行政部', '0004', NULL, '0', 0, 1, '0', 0, '2014-03-21', NULL), ('402881f844e2391c0144e2396f1b0005', '技术部', '0005', NULL, '0', 0, 1, '0', 0, '2014-03-21', NULL), ('402881f844e2391c0144e2396f460006', '销售部外企', '0002|1', '402881f844e2391c0144e2396e980002', '0002', 0, 1, '0', 0, '2014-03-21', NULL), ('402881f844e2391c0144e2396f7b0007', '销售部央企', '0002|2', '402881f844e2391c0144e2396e980002', '0002', 0, 1, '0', 0, '2014-03-21', NULL), ('402881f844e2391c0144e2396fa80008', '销售部华北', '0002|3', '402881f844e2391c0144e2396e980002', '0002', 0, 1, '0', 0, '2014-03-21', NULL), ('402881f844e2391c0144e2396fd40009', '销售部上海', '0002|4', '402881f844e2391c0144e2396e980002', '0002', 0, 1, '0', 0, '2014-03-21', NULL), ('402881f844e2391c0144e2396ff5000a', '销售部浙江', '0002|5', '402881f844e2391c0144e2396e980002', '0002', 0, 1, '0', 0, '2014-03-21', NULL), ('402881f844e2391c0144e2397016000b', '销售部江苏', '0002|6', '402881f844e2391c0144e2396e980002', '0002', 0, 1, '0', 0, '2014-03-21', NULL), ('402881f844e2391c0144e2397039000c', '销售部华南', '0002|7', '402881f844e2391c0144e2396e980002', '0002', 0, 1, '0', 0, '2014-03-21', NULL), ('402881f844e2391c0144e2397059000d', '销售部华西', '0002|8', '402881f844e2391c0144e2396e980002', '0002', 0, 1, '0', 0, '2014-03-21', NULL), ('402881f844e2391c0144e239707a000e', '销售部华中', '0002|9', '402881f844e2391c0144e2396e980002', '0002', 0, 1, '0', 0, '2014-03-21', NULL), ('402881f844e2391c0144e239709c000f', '销售部山东', '0002|10', '402881f844e2391c0144e2396e980002', '0002', 0, 1, '0', 0, '2014-03-21', NULL), ('402881f844e2391c0144e23970cb0010', '人力资源部', '0006', NULL, '0', 0, 1, '0', 0, '2014-03-21', NULL), ('402881f844e2391c0144e23970e80011', '产品研发部', '0007', NULL, '0', 0, 1, '0', 0, '2014-03-21', NULL), ('402881f844e2391c0144e239710b0012', '销售部市场部', '0002|11', '402881f844e2391c0144e2396e980002', '0002', 0, 1, '0', 0, '2014-03-21', NULL), ('402881f844e2391c0144e239712a0013', '销售部银行行业', '0002|12', '402881f844e2391c0144e2396e980002', '0002', 0, 1, '0', 0, '2014-03-21', NULL), ('402881f844e2391c0144e239714b0014', '销售部保险行业', '0002|13', '402881f844e2391c0144e2396e980002', '0002', 0, 1, '0', 0, '2014-03-21', NULL), ('402881f844e2391c0144e23971600015', '销售部产品销售', '0002|14', '402881f844e2391c0144e2396e980002', '0002', 0, 1, '0', 0, '2014-03-21', NULL), ('402881f844e2391c0144e23971770016', '销售部苹果事业部', '0002|15', '402881f844e2391c0144e2396e980002', '0002', 0, 1, '0', 0, '2014-03-21', NULL), ('402881f844e2391c0144e239719a0017', '销售部政府事业部', '0002|16', '402881f844e2391c0144e2396e980002', '0002', 0, 1, '0', 0, '2014-03-21', NULL), ('402881f844e2391c0144e23971ba0018', '产品研发部产品部', '0007|1', '402881f844e2391c0144e23970e80011', '0007', 0, 1, '0', 0, '2014-03-21', NULL), ('402881f844e2391c0144e23971dc0019', '销售部银行行业上海', '0002|12|1', '402881f844e2391c0144e239712a0013', '0002|12', 0, 1, '0', 0, '2014-03-21', NULL), ('402881f844e2391c0144e23971fc001a', '销售部银行行业成都', '0002|12|2', '402881f844e2391c0144e239712a0013', '0002|12', 0, 1, '0', 0, '2014-03-21', NULL), ('402881f844e2391c0144e239722b001b', '销售部银行行业北京', '0002|12|3', '402881f844e2391c0144e239712a0013', '0002|12', 0, 1, '0', 0, '2014-03-21', NULL), ('402881f844e2391c0144e2397249001c', '销售部银行行业广州', '0002|12|4', '402881f844e2391c0144e239712a0013', '0002|12', 0, 1, '0', 0, '2014-03-21', NULL), ('402881f844e2391c0144e239726a001d', '技术部金融运营中心', '0005|1', '402881f844e2391c0144e2396f1b0005', '0005', 0, 1, '0', 0, '2014-03-21', NULL), ('402881f844e2391c0144e239728b001e', '技术部业务创新中心', '0005|2', '402881f844e2391c0144e2396f1b0005', '0005', 0, 1, '0', 0, '2014-03-21', NULL), ('402881f844e2391c0144e23972ac001f', '产品研发部服务中心', '0007|2', '402881f844e2391c0144e23970e80011', '0007', 0, 1, '0', 0, '2014-03-21', NULL), ('402881f844e2391c0144e23972cd0020', '产品研发部平台研发部', '0007|3', '402881f844e2391c0144e23970e80011', '0007', 0, 1, '0', 0, '2014-03-21', NULL), ('402881f844e2391c0144e23972ee0021', '销售部运营商及合作伙伴', '0002|17', '402881f844e2391c0144e2396e980002', '0002', 0, 1, '0', 0, '2014-03-21', NULL), ('402881f844e2391c0144e239735e0022', '技术部非金融行业运营中心', '0005|3', '402881f844e2391c0144e2396f1b0005', '0005', 0, 1, '0', 0, '2014-03-21', NULL);

DELETE FROM `sso_ldap_server`;
INSERT INTO `sso_ldap_server` (`id`, `ldap_type`, `ldap_name`, `ldap_url`, `base_dn`, `ldap_domain`, `account`, `ldap_password`, `auto_sync_interval`, `user_filter`) VALUES ('402881f844f1b2d10144f1bb2ba20001', '0', 'ldap', 'ldap://192.168.1.12:389/', 'dc=my-domain,dc=com', 'ldap', 'root', '123', 0, '0');

DELETE FROM `sso_logintype`;

DELETE FROM `sso_sp_config`;
INSERT INTO `sso_sp_config` (`id`, `sp_name`, `trust_address`, `sp_address_protocol`, `sp_address`, `sp_app_type`, `need_properties`, `assert_address`, `login_callback_address`, `logout_address`, `update_address`, `without_captcha_count`, `check_sms`, `reg_date`, `open_date`, `destroy_date`, `sp_state`, `login_page_type`, `error_callback_uri`, `login_effect_time`) VALUES ('297e15ec44710c1a0144713093f20001', 'MEAP 管理系统', '192.168.1.103,192.168.1.104,127.0.0.1', '3', 'http://127.0.0.1:8080/meap', '1', '', '/servlet/assert', '/isLogin.do', '/servlet/logout', '/servlet/update', 'nick_login:3', '1', '2014-02-27 10:33:25', '2014-03-04 14:24:58', NULL, '1', '2', '/1login/errorpage.jsp', 2);

DELETE FROM `sso_sync_record`;

DELETE FROM `sso_user`;
INSERT INTO `sso_user` (`id`, `login_name`, `user_name`, `email`, `user_password`, `dept_id`) VALUES ('402881f844e2391c0144e239745c0023', 'houshuli@nationsky.com', '侯树立', 'houshuli@nationsky.com', '123', '402881f844e2391c0144e2396def0001'), ('402881f844e2391c0144e23974f10025', 'xuweiqiang@nationsky.com', '许维强', 'xuweiqiang@nationsky.com', '123', '402881f844e2391c0144e2396def0001'), ('402881f844e2391c0144e23975280027', 'lixia@nationsky.com', '李霞', 'lixia@nationsky.com', '123', '402881f844e2391c0144e2396def0001'), ('402881f844e2391c0144e23975490029', 'zhangbingbing@nationsky.com', '张兵兵', 'zhangbingbing@nationsky.com', '123', '402881f844e2391c0144e2396e980002'), ('402881f844e2391c0144e239757a002b', 'jujing@nationsky.com', '鞠静', 'jujing@nationsky.com', '123', '402881f844e2391c0144e2396eb60003'), ('402881f844e2391c0144e23975a1002d', 'yangliyuan@nationsky.com', '杨立远', 'yangliyuan@nationsky.com', '123', '402881f844e2391c0144e2396eb60003'), ('402881f844e2391c0144e23975c2002f', 'jiaxiaohong@nationsky.com', '贾小红', 'jiaxiaohong@nationsky.com', '123', '402881f844e2391c0144e2396eb60003'), ('402881f844e2391c0144e23975e30031', 'zhangshuyu@nationsky.com', '张树宇', 'zhangshuyu@nationsky.com', '123', '402881f844e2391c0144e2396eb60003'), ('402881f844e2391c0144e23976040033', 'manlihong@nationsky.com', '满丽红', 'manlihong@nationsky.com', '123', '402881f844e2391c0144e2396eb60003'), ('402881f844e2391c0144e23976250035', 'linlianxia@nationsky.com', '林连霞', 'linlianxia@nationsky.com', '123', '402881f844e2391c0144e2396eb60003'), ('402881f844e2391c0144e23976460037', 'tuoqiongyuan@nationsky.com', '庹琼园', 'tuoqiongyuan@nationsky.com', '123', '402881f844e2391c0144e2396eb60003'), ('402881f844e2391c0144e23976670039', 'xietong@nationsky.com', '谢童', 'xietong@nationsky.com', '123', '402881f844e2391c0144e2396ef60004'), ('402881f844e2391c0144e2397689003b', 'hebing@nationsky.com', '何冰', 'hebing@nationsky.com', '123', '402881f844e2391c0144e2396ef60004'), ('402881f844e2391c0144e23976aa003d', 'xuyongfei@nationsky.com', '徐永飞', 'xuyongfei@nationsky.com', '123', '402881f844e2391c0144e2396ef60004'), ('402881f844e2391c0144e23976cb003f', 'jiaoxinyu@nationsky.com', '焦鑫宇', 'jiaoxinyu@nationsky.com', '123', '402881f844e2391c0144e2396ef60004'), ('402881f844e2391c0144e23976fa0041', 'wangguihua@nationsky.com', '王桂华', 'wangguihua@nationsky.com', '123', '402881f844e2391c0144e2396ef60004'), ('402881f844e2391c0144e23977460043', 'zhangmulin@nationsky.com', '张慕琳', 'zhangmulin@nationsky.com', '123', '402881f844e2391c0144e2396ef60004'), ('402881f844e2391c0144e23977640045', 'gujun@nationsky.com', '古君', 'gujun@nationsky.com', '123', '402881f844e2391c0144e2396ef60004'), ('402881f844e2391c0144e23977860047', 'qudong@nationsky.com', '曲东', 'qudong@nationsky.com', '123', '402881f844e2391c0144e2396f1b0005'), ('402881f844e2391c0144e23977ec0049', 'caojianguang@nationsky.com', '曹剑光', 'caojianguang@nationsky.com', '123', '402881f844e2391c0144e2396f1b0005'), ('402881f844e2391c0144e2397814004b', 'tianzhengjun@nationsky.com', '田郑军', 'tianzhengjun@nationsky.com', '123', '402881f844e2391c0144e2396f1b0005'), ('402881f844e2391c0144e2397835004d', 'niekeqiang@nationsky.com', '聂克强', 'niekeqiang@nationsky.com', '123', '402881f844e2391c0144e2396f1b0005'), ('402881f844e2391c0144e2397860004f', 'xuyongdong@nationsky.com', '徐永东', 'xuyongdong@nationsky.com', '123', '402881f844e2391c0144e2396f460006'), ('402881f844e2391c0144e23978770051', 'feiyue@nationsky.com', '费月', 'feiyue@nationsky.com', '123', '402881f844e2391c0144e2396f460006'), ('402881f844e2391c0144e23978980053', 'wanfei@nationsky.com', '万飞', 'wanfei@nationsky.com', '123', '402881f844e2391c0144e2396f460006'), ('402881f844e2391c0144e23978b90055', 'lidecong@nationsky.com', '李德聪', 'lidecong@nationsky.com', '123', '402881f844e2391c0144e2396f460006'), ('402881f844e2391c0144e23978da0057', 'qiuyanli@nationsky.com', '邱艳莉?', 'qiuyanli@nationsky.com', '123', '402881f844e2391c0144e2396f460006'), ('402881f844e2391c0144e23978fd0059', 'liuyan@nationsky.com', '刘岩', 'liuyan@nationsky.com', '123', '402881f844e2391c0144e2396f460006'), ('402881f844e2391c0144e2397920005b', 'yaoli@nationsky.com', '姚立', 'yaoli@nationsky.com', '123', '402881f844e2391c0144e2396f7b0007'), ('402881f844e2391c0144e239793d005d', 'weizhao@nationsky.com', '魏昭', 'weizhao@nationsky.com', '123', '402881f844e2391c0144e2396f7b0007'), ('402881f844e2391c0144e2397954005f', 'wangyi@nationsky.com', '王毅', 'wangyi@nationsky.com', '123', '402881f844e2391c0144e2396f7b0007'), ('402881f844e2391c0144e23979750061', 'zhanghaitao@nationsky.com', '张海涛', 'zhanghaitao@nationsky.com', '123', '402881f844e2391c0144e2396fa80008'), ('402881f844e2391c0144e23979960063', 'huangyifan@nationsky.com', '黄轶凡', 'huangyifan@nationsky.com', '123', '402881f844e2391c0144e2396fa80008'), ('402881f844e2391c0144e23979b60065', 'zhaofang@nationsky.com', '赵芳', 'zhaofang@nationsky.com', '123', '402881f844e2391c0144e2396fa80008'), ('402881f844e2391c0144e23979d80067', 'majin@nationsky.com', '马进', 'majin@nationsky.com', '123', '402881f844e2391c0144e2396fa80008'), ('402881f844e2391c0144e23979f90069', 'genghongbo@nationsky.com', '耿洪波', 'genghongbo@nationsky.com', '123', '402881f844e2391c0144e2396fa80008'), ('402881f844e2391c0144e2397a19006b', 'zhanghuan@nationsky.com', '张欢', 'zhanghuan@nationsky.com', '123', '402881f844e2391c0144e2396fa80008'), ('402881f844e2391c0144e2397a3a006d', 'liujie@nationsky.com', '刘杰', 'liujie@nationsky.com', '123', '402881f844e2391c0144e2396fa80008'), ('402881f844e2391c0144e2397a5c006f', 'liuguangji@nationsky.com', '刘广继', 'liuguangji@nationsky.com', '123', '402881f844e2391c0144e2396fa80008'), ('402881f844e2391c0144e2397a7c0071', 'hanxiangfeng@nationsky.com', '韩翔峰', 'hanxiangfeng@nationsky.com', '123', '402881f844e2391c0144e2396fa80008'), ('402881f844e2391c0144e2397aa00073', 'wangzhi@nationsky.com', '王志', 'wangzhi@nationsky.com', '123', '402881f844e2391c0144e2396fd40009'), ('402881f844e2391c0144e2397ac00075', 'leosong@nationsky.com', '宋海宁', 'leosong@nationsky.com', '123', '402881f844e2391c0144e2396fd40009'), ('402881f844e2391c0144e2397ae00077', 'lizhanjun@nationsky.com', '焦鑫宙', 'lizhanjun@nationsky.com', '123', '402881f844e2391c0144e2396fd40009'), ('402881f844e2391c0144e2397b010079', 'jiaoxinzhou@nationsky.com', '李战军', 'jiaoxinzhou@nationsky.com', '123', '402881f844e2391c0144e2396fd40009'), ('402881f844e2391c0144e2397b21007b', 'xiongwenhan@nationsky.com', '熊文涵', 'xiongwenhan@nationsky.com', '123', '402881f844e2391c0144e2396fd40009'), ('402881f844e2391c0144e2397b42007d', 'wangwuqiang@nationsky.com', '王武强', 'wangwuqiang@nationsky.com', '123', '402881f844e2391c0144e2396ff5000a'), ('402881f844e2391c0144e2397b64007f', 'lurong@nationsky.com', '卢蓉', 'lurong@nationsky.com', '123', '402881f844e2391c0144e2397016000b'), ('402881f844e2391c0144e2397b840081', 'lihui@nationsky.com', '李慧?', 'lihui@nationsky.com', '123', '402881f844e2391c0144e2397016000b'), ('402881f844e2391c0144e2397ba50083', 'liangchuanqi@nationsky.com', '梁传奇', 'liangchuanqi@nationsky.com', '123', '402881f844e2391c0144e2397016000b'), ('402881f844e2391c0144e2397bc60085', 'fengxiaoyong@nationsky.com', '俸小勇', 'fengxiaoyong@nationsky.com', '123', '402881f844e2391c0144e2397039000c'), ('402881f844e2391c0144e2397be70087', 'chenshan@nationsky.com', '陈珊', 'chenshan@nationsky.com', '123', '402881f844e2391c0144e2397039000c'), ('402881f844e2391c0144e2397c080089', 'pangwenjia@nationsky.com', '庞文嘉', 'pangwenjia@nationsky.com', '123', '402881f844e2391c0144e2397039000c'), ('402881f844e2391c0144e2397c29008b', 'tianzengyi@nationsky.com', '田增毅', 'tianzengyi@nationsky.com', '123', '402881f844e2391c0144e2397039000c'), ('402881f844e2391c0144e2397c4a008d', 'xiangqian@nationsky.com', '向倩', 'xiangqian@nationsky.com', '123', '402881f844e2391c0144e2397039000c'), ('402881f844e2391c0144e2397c6b008f', 'zhangling@nationsky.com', '张凌', 'zhangling@nationsky.com', '123', '402881f844e2391c0144e2397059000d'), ('402881f844e2391c0144e2397c8c0091', 'zhouzhengfang@nationsky.com', '周正芳', 'zhouzhengfang@nationsky.com', '123', '402881f844e2391c0144e2397059000d'), ('402881f844e2391c0144e2397cae0093', 'xuxingang@nationsky.com', '许新刚', 'xuxingang@nationsky.com', '123', '402881f844e2391c0144e239707a000e'), ('402881f844e2391c0144e2397cce0095', 'wangkang@nationsky.com', '王康?', 'wangkang@nationsky.com', '123', '402881f844e2391c0144e239707a000e'), ('402881f844e2391c0144e2397cef0097', 'luting@nationsky.com', '路婷', 'luting@nationsky.com', '123', '402881f844e2391c0144e239707a000e'), ('402881f844e2391c0144e2397d110099', 'xulianwei@nationsky.com', '徐连伟', 'xulianwei@nationsky.com', '123', '402881f844e2391c0144e239707a000e'), ('402881f844e2391c0144e2397d32009b', 'sunpeng@nationsky.com', '孙鹏', 'sunpeng@nationsky.com', '123', '402881f844e2391c0144e239709c000f'), ('402881f844e2391c0144e2397d53009d', 'zhangguishuang@nationsky.com', '张桂爽', 'zhangguishuang@nationsky.com', '123', '402881f844e2391c0144e239709c000f'), ('402881f844e2391c0144e2397d77009f', 'yuqiang@nationsky.com', '于强', 'yuqiang@nationsky.com', '123', '402881f844e2391c0144e239709c000f'), ('402881f844e2391c0144e2397d9400a1', 'gaodongfang@nationsky.com', '高东芳', 'gaodongfang@nationsky.com', '123', '402881f844e2391c0144e23970cb0010'), ('402881f844e2391c0144e2397db600a3', 'zhaojianyun@nationsky.com', '赵建云', 'zhaojianyun@nationsky.com', '123', '402881f844e2391c0144e23970cb0010'), ('402881f844e2391c0144e2397dd700a5', 'jiaxinxin@nationsky.com', '贾新新', 'jiaxinxin@nationsky.com', '123', '402881f844e2391c0144e23970cb0010'), ('402881f844e2391c0144e2397df800a7', 'lijiangli@nationsky.com', '李江力', 'lijiangli@nationsky.com', '123', '402881f844e2391c0144e23970e80011'), ('402881f844e2391c0144e2397e1900a9', 'lijuanjuan@nationsky.com', '李娟娟', 'lijuanjuan@nationsky.com', '123', '402881f844e2391c0144e23970e80011'), ('402881f844e2391c0144e2397e3900ab', 'sunjinshu@nationsky.com', '孙金树', 'sunjinshu@nationsky.com', '123', '402881f844e2391c0144e23970e80011'), ('402881f844e2391c0144e2397e5b00ad', 'zhangyongli@nationsky.com', '张永利', 'zhangyongli@nationsky.com', '123', '402881f844e2391c0144e239710b0012'), ('402881f844e2391c0144e2397e7c00af', 'shuchaoyue@nationsky.com', '舒超越', 'shuchaoyue@nationsky.com', '123', '402881f844e2391c0144e239710b0012'), ('402881f844e2391c0144e2397e9d00b1', 'liutaicheng@nationsky.com', '刘泰成', 'liutaicheng@nationsky.com', '123', '402881f844e2391c0144e239710b0012'), ('402881f844e2391c0144e2397ebe00b3', 'chendandan@nationsky.com', '陈丹丹', 'chendandan@nationsky.com', '123', '402881f844e2391c0144e239712a0013'), ('402881f844e2391c0144e2397edf00b5', 'tongtao@nationsky.com', '童涛', 'tongtao@nationsky.com', '123', '402881f844e2391c0144e239714b0014'), ('402881f844e2391c0144e2397f0000b7', 'zhangzhuo@nationsky.com', '张卓', 'zhangzhuo@nationsky.com', '123', '402881f844e2391c0144e239714b0014'), ('402881f844e2391c0144e2397f2100b9', 'liran@nationsky.com', '李然', 'liran@nationsky.com', '123', '402881f844e2391c0144e239714b0014'), ('402881f844e2391c0144e2397f4200bb', 'lixiaojuan@nationsky.com', '李小娟', 'lixiaojuan@nationsky.com', '123', '402881f844e2391c0144e239714b0014'), ('402881f844e2391c0144e2397f6300bd', 'xukeming@nationsky.com', '徐珂铭', 'xukeming@nationsky.com', '123', '402881f844e2391c0144e23971600015'), ('402881f844e2391c0144e2397f8400bf', 'luoniancheng@nationsky.com', '罗年成', 'luoniancheng@nationsky.com', '123', '402881f844e2391c0144e23971770016'), ('402881f844e2391c0144e2397fa500c1', 'sunyanan@nationsky.com', '孙亚楠', 'sunyanan@nationsky.com', '123', '402881f844e2391c0144e23971770016'), ('402881f844e2391c0144e2397fc600c3', 'wangwei@nationsky.com', '王崴', 'wangwei@nationsky.com', '123', '402881f844e2391c0144e23971770016'), ('402881f844e2391c0144e2397fdc00c5', 'mali@nationsky.com', '马莉', 'mali@nationsky.com', '123', '402881f844e2391c0144e23971770016'), ('402881f844e2391c0144e2397ff200c7', 'shichaohong@nationsky.com', '石朝宏', 'shichaohong@nationsky.com', '123', '402881f844e2391c0144e239719a0017'), ('402881f844e2391c0144e239800800c9', 'liuweihua@nationsky.com', '刘伟华', 'liuweihua@nationsky.com', '123', '402881f844e2391c0144e239719a0017'), ('402881f844e2391c0144e239801e00cb', 'wangliang@nationsky.com', '王亮', 'wangliang@nationsky.com', '123', '402881f844e2391c0144e239719a0017'), ('402881f844e2391c0144e239803800cd', 'lizhenzhen@nationsky.com', '李珍珍', 'lizhenzhen@nationsky.com', '123', '402881f844e2391c0144e239719a0017'), ('402881f844e2391c0144e239805500cf', 'nierongrong@nationsky.com', '聂蓉蓉', 'nierongrong@nationsky.com', '123', '402881f844e2391c0144e239719a0017'), ('402881f844e2391c0144e239806d00d1', 'yuanhui@nationsky.com', '袁辉', 'yuanhui@nationsky.com', '123', '402881f844e2391c0144e23971ba0018'), ('402881f844e2391c0144e239808d00d3', 'aichen@nationsky.com', '艾晨', 'aichen@nationsky.com', '123', '402881f844e2391c0144e23971ba0018'), ('402881f844e2391c0144e23980ad00d5', 'zhaoxupeng@nationsky.com', '赵戌鹏', 'zhaoxupeng@nationsky.com', '123', '402881f844e2391c0144e23971ba0018'), ('402881f844e2391c0144e23980c500d7', 'wanweibo@nationsky.com', '万维柏', 'wanweibo@nationsky.com', '123', '402881f844e2391c0144e23971ba0018'), ('402881f844e2391c0144e23980e700d9', 'guoyatechi@nationsky.com', '王磊', 'guoyatechi@nationsky.com', '123', '402881f844e2391c0144e23971ba0018'), ('402881f844e2391c0144e239810500db', 'zhangjinrui@nationsky.com', '张金瑞', 'zhangjinrui@nationsky.com', '123', '402881f844e2391c0144e23971ba0018'), ('402881f844e2391c0144e239811b00dd', 'sunmingjie@nationsky.com', '孙明婕', 'sunmingjie@nationsky.com', '123', '402881f844e2391c0144e23971ba0018'), ('402881f844e2391c0144e239815500df', 'dingjunyi@nationsky.com', '丁俊一', 'dingjunyi@nationsky.com', '123', '402881f844e2391c0144e23971ba0018'), ('402881f844e2391c0144e239817500e1', 'zhoutao@nationsky.com', '周涛', 'zhoutao@nationsky.com', '123', '402881f844e2391c0144e23971ba0018'), ('402881f844e2391c0144e239819900e3', 'zhangshunfei@nationsky.com', '张顺飞', 'zhangshunfei@nationsky.com', '123', '402881f844e2391c0144e23971ba0018'), ('402881f844e2391c0144e239837b00e5', 'likejun@nationsky.com', '李科君', 'likejun@nationsky.com', '123', '402881f844e2391c0144e23971ba0018'), ('402881f844e2391c0144e239839c00e7', 'qizhisong@nationsky.com', '祁志松', 'qizhisong@nationsky.com', '123', '402881f844e2391c0144e23971ba0018'), ('402881f844e2391c0144e23983bb00e9', 'chenyeqi@nationsky.com', '陈业启', 'chenyeqi@nationsky.com', '123', '402881f844e2391c0144e23971ba0018'), ('402881f844e2391c0144e23983dc00eb', 'yeliangdong@nationsky.com', '叶良栋', 'yeliangdong@nationsky.com', '123', '402881f844e2391c0144e23971ba0018'), ('402881f844e2391c0144e23983f500ed', 'wangjian@nationsky.com', '王坚', 'wangjian@nationsky.com', '123', '402881f844e2391c0144e23971ba0018'), ('402881f844e2391c0144e239841300ef', 'fanbolun@nationsky.com', '范伯伦', 'fanbolun@nationsky.com', '123', '402881f844e2391c0144e23971ba0018'), ('402881f844e2391c0144e239843400f1', 'heshan@nationsky.com', '何山', 'heshan@nationsky.com', '123', '402881f844e2391c0144e23971ba0018'), ('402881f844e2391c0144e239845500f3', 'lipeiyu@nationsky.com', '李培雨', 'lipeiyu@nationsky.com', '123', '402881f844e2391c0144e23971ba0018'), ('402881f844e2391c0144e239847800f5', 'zhangyun@nationsky.com', '张允', 'zhangyun@nationsky.com', '123', '402881f844e2391c0144e23971ba0018'), ('402881f844e2391c0144e239849800f7', 'wuchenggang@natiosnky.com', '吴成钢?', 'wuchenggang@natiosnky.com', '123', '402881f844e2391c0144e23971ba0018'), ('402881f844e2391c0144e23984b900f9', 'dongjianli@nationsky.com', '董建立', 'dongjianli@nationsky.com', '123', '402881f844e2391c0144e23971dc0019'), ('402881f844e2391c0144e23984da00fb', 'liangwei@nationsky.com', '梁伟', 'liangwei@nationsky.com', '123', '402881f844e2391c0144e23971fc001a'), ('402881f844e2391c0144e23984fa00fd', 'zhangwei@nationsky.com', '张韦', 'zhangwei@nationsky.com', '123', '402881f844e2391c0144e239722b001b'), ('402881f844e2391c0144e239850f00ff', 'libin@nationsky.com', '李斌', 'libin@nationsky.com', '123', '402881f844e2391c0144e239722b001b'), ('402881f844e2391c0144e23985260101', 'zhangxinqing@nationsky.com', '张新庆', 'zhangxinqing@nationsky.com', '123', '402881f844e2391c0144e2397249001c'), ('402881f844e2391c0144e239853b0103', 'zhanglong@nationsky.com', '张龙', 'zhanglong@nationsky.com', '123', '402881f844e2391c0144e239722b001b'), ('402881f844e2391c0144e23985630105', 'chaoshuai@nationsky.com', '巢帅', 'chaoshuai@nationsky.com', '123', '402881f844e2391c0144e23971dc0019'), ('402881f844e2391c0144e239858a0107', 'wanghong@nationsky.com', '王宏', 'wanghong@nationsky.com', '123', '402881f844e2391c0144e239722b001b'), ('402881f844e2391c0144e23985aa0109', 'zhangzhiyuan@nationsky.com', '张致远', 'zhangzhiyuan@nationsky.com', '123', '402881f844e2391c0144e239726a001d'), ('402881f844e2391c0144e23985cc010b', 'zhuhaoming@nationsky.com', '朱浩铭', 'zhuhaoming@nationsky.com', '123', '402881f844e2391c0144e239726a001d'), ('402881f844e2391c0144e23985ed010d', 'guoyouquan@nationsky.com', '郭有权', 'guoyouquan@nationsky.com', '123', '402881f844e2391c0144e239726a001d'), ('402881f844e2391c0144e2398601010f', 'guoxiuli@nationsky.com', '郭秀丽', 'guoxiuli@nationsky.com', '123', '402881f844e2391c0144e239726a001d'), ('402881f844e2391c0144e23986230111', 'wangpengcheng@nationsky.com', '王鹏程', 'wangpengcheng@nationsky.com', '123', '402881f844e2391c0144e239726a001d'), ('402881f844e2391c0144e23986380113', 'chencheng@nationsky.com', '陈城', 'chencheng@nationsky.com', '123', '402881f844e2391c0144e239726a001d'), ('402881f844e2391c0144e23986500115', 'hequnjie@nationsky.com', '贺群杰', 'hequnjie@nationsky.com', '123', '402881f844e2391c0144e239726a001d'), ('402881f844e2391c0144e23986640117', 'simazhong@nationsky.com', '司马仲', 'simazhong@nationsky.com', '123', '402881f844e2391c0144e239726a001d'), ('402881f844e2391c0144e239869d0119', 'liuxiaoming@nationsky.com', '刘小明', 'liuxiaoming@nationsky.com', '123', '402881f844e2391c0144e239726a001d'), ('402881f844e2391c0144e23986b6011b', 'fanbaotong@nationsky.com', '范保同', 'fanbaotong@nationsky.com', '123', '402881f844e2391c0144e239726a001d'), ('402881f844e2391c0144e23986d4011d', 'lijiali@nationsky.com', '李佳莉', 'lijiali@nationsky.com', '123', '402881f844e2391c0144e239726a001d'), ('402881f844e2391c0144e23986f5011f', 'lichen@nationsky.com', '李晨', 'lichen@nationsky.com', '123', '402881f844e2391c0144e239726a001d'), ('402881f844e2391c0144e23987090121', 'maning@nationsky.com', '马宁', 'maning@nationsky.com', '123', '402881f844e2391c0144e239726a001d'), ('402881f844e2391c0144e23987210123', 'chenming@nationsky.com', '陈明', 'chenming@nationsky.com', '123', '402881f844e2391c0144e239726a001d'), ('402881f844e2391c0144e23987350125', 'liuxu@nationsky.com', '刘旭', 'liuxu@nationsky.com', '123', '402881f844e2391c0144e239726a001d'), ('402881f844e2391c0144e23987580127', 'zhaoxiangguang@nationsky.com', '赵向广', 'zhaoxiangguang@nationsky.com', '123', '402881f844e2391c0144e239726a001d'), ('402881f844e2391c0144e239876d0129', 'wangpanfeng@nationsky.com', '王攀峰', 'wangpanfeng@nationsky.com', '123', '402881f844e2391c0144e239726a001d'), ('402881f844e2391c0144e2398786012b', 'wangjun@nationsky.com', '王军', 'wangjun@nationsky.com', '123', '402881f844e2391c0144e239726a001d'), ('402881f844e2391c0144e23987b0012d', 'huangqianlong@nationsky.com', '黄迁龙', 'huangqianlong@nationsky.com', '123', '402881f844e2391c0144e239726a001d'), ('402881f844e2391c0144e23987c4012f', 'luoshizhen@nationsky.com', '骆世珍', 'luoshizhen@nationsky.com', '123', '402881f844e2391c0144e239726a001d'), ('402881f844e2391c0144e23987dc0131', 'dongbaojun@nationsky.com', '董宝君', 'dongbaojun@nationsky.com', '123', '402881f844e2391c0144e239726a001d'), ('402881f844e2391c0144e23987f50133', 'songxiang@nationsky.com', '宋翔', 'songxiang@nationsky.com', '123', '402881f844e2391c0144e239726a001d'), ('402881f844e2391c0144e23988130135', 'houxue@nationsky.com', '侯雪', 'houxue@nationsky.com', '123', '402881f844e2391c0144e239726a001d'), ('402881f844e2391c0144e23988270137', 'tanyuchuan@nationsky.com', '谭渝川', 'tanyuchuan@nationsky.com', '123', '402881f844e2391c0144e239726a001d'), ('402881f844e2391c0144e239884a0139', 'baijie@nationsky.com', '白杰', 'baijie@nationsky.com', '123', '402881f844e2391c0144e239726a001d'), ('402881f844e2391c0144e2398881013b', 'liuquanlun@nationsky.com', '刘全伦', 'liuquanlun@nationsky.com', '123', '402881f844e2391c0144e239726a001d'), ('402881f844e2391c0144e239889a013d', 'hanlina@nationsky.com', '韩立娜', 'hanlina@nationsky.com', '123', '402881f844e2391c0144e239726a001d'), ('402881f844e2391c0144e23988b8013f', 'shixiaolei@nationsky.com', '史晓磊', 'shixiaolei@nationsky.com', '123', '402881f844e2391c0144e239726a001d'), ('402881f844e2391c0144e23988d00141', 'zouxiaochao@nationsky.com', '邹晓超', 'zouxiaochao@nationsky.com', '123', '402881f844e2391c0144e239726a001d'), ('402881f844e2391c0144e23988ef0143', 'fanhaishun@nationsky.com', '范海顺?', 'fanhaishun@nationsky.com', '123', '402881f844e2391c0144e239726a001d'), ('402881f844e2391c0144e23989040145', 'xiaohuiyang@nationsky.com', '肖惠杨', 'xiaohuiyang@nationsky.com', '123', '402881f844e2391c0144e239726a001d'), ('402881f844e2391c0144e239891b0147', 'caishaodong@nationsky.com', '蔡少东', 'caishaodong@nationsky.com', '123', '402881f844e2391c0144e239726a001d'), ('402881f844e2391c0144e23989340149', 'wangjinliang@nationsky.com', '王锦良', 'wangjinliang@nationsky.com', '123', '402881f844e2391c0144e239726a001d'), ('402881f844e2391c0144e2398952014b', 'zhangzilong@nationsky.com', '张子龙', 'zhangzilong@nationsky.com', '123', '402881f844e2391c0144e239726a001d'), ('402881f844e2391c0144e2398966014d', 'guoyatechlong@nationsky.com', '王乐龙', 'guoyatechlong@nationsky.com', '123', '402881f844e2391c0144e239726a001d'), ('402881f844e2391c0144e239897e014f', 'liutao@nationsky.com', '刘涛', 'liutao@nationsky.com', '123', '402881f844e2391c0144e239726a001d'), ('402881f844e2391c0144e23989930151', 'huodingding@nationsky.com', '霍丁丁', 'huodingding@nationsky.com', '123', '402881f844e2391c0144e239726a001d'), ('402881f844e2391c0144e23989aa0153', 'wanbin@nationsky.com', '万彬', 'wanbin@nationsky.com', '123', '402881f844e2391c0144e239726a001d'), ('402881f844e2391c0144e23989c50155', 'yuli@nationsky.com', '余力', 'yuli@nationsky.com', '123', '402881f844e2391c0144e239726a001d'), ('402881f844e2391c0144e23989e40157', 'pengjing@nationsky.com', '彭京', 'pengjing@nationsky.com', '123', '402881f844e2391c0144e239726a001d'), ('402881f844e2391c0144e2398a050159', 'dongchunjing@nationsky.com', '董春婧', 'dongchunjing@nationsky.com', '123', '402881f844e2391c0144e239726a001d'), ('402881f844e2391c0144e2398a24015b', 'hantingting@nationsky.com', '韩婷婷', 'hantingting@nationsky.com', '123', '402881f844e2391c0144e239726a001d'), ('402881f844e2391c0144e2398a45015d', 'xiemengxin@nationsky.com', '谢萌新', 'xiemengxin@nationsky.com', '123', '402881f844e2391c0144e239726a001d'), ('402881f844e2391c0144e2398a59015f', 'yuqian@nationsky.com', '于倩', 'yuqian@nationsky.com', '123', '402881f844e2391c0144e239726a001d'), ('402881f844e2391c0144e2398a7d0161', 'linyuqiang@nationsky.com', '林裕强', 'linyuqiang@nationsky.com', '123', '402881f844e2391c0144e239726a001d'), ('402881f844e2391c0144e2398a9d0163', 'liwenhu@nationsky.com', '李文虎', 'liwenhu@nationsky.com', '123', '402881f844e2391c0144e239728b001e'), ('402881f844e2391c0144e2398b2f0165', 'yinyue@nationsky.com', '殷悦', 'yinyue@nationsky.com', '123', '402881f844e2391c0144e239728b001e'), ('402881f844e2391c0144e2398b940167', 'xubin@nationsky.com', '徐彬', 'xubin@nationsky.com', '123', '402881f844e2391c0144e239728b001e'), ('402881f844e2391c0144e2398c090169', 'chenweihu@nationsky.com', '陈蔚虎', 'chenweihu@nationsky.com', '123', '402881f844e2391c0144e239728b001e'), ('402881f844e2391c0144e2398c6e016b', 'liuchang@nationsky.com', '刘畅', 'liuchang@nationsky.com', '123', '402881f844e2391c0144e239728b001e'), ('402881f844e2391c0144e2398c8c016d', 'sangshilong@nationsky.com', '桑世龙', 'sangshilong@nationsky.com', '123', '402881f844e2391c0144e239728b001e'), ('402881f844e2391c0144e2398caf016f', 'caojiyin@nationsky.com', '曹继印', 'caojiyin@nationsky.com', '123', '402881f844e2391c0144e239728b001e'), ('402881f844e2391c0144e2398cd00171', 'sulin@nationsky.com', '苏麟', 'sulin@nationsky.com', '123', '402881f844e2391c0144e239728b001e'), ('402881f844e2391c0144e2398cef0173', 'zhangjingjing@nationsky.com', '张晶晶', 'zhangjingjing@nationsky.com', '123', '402881f844e2391c0144e239728b001e'), ('402881f844e2391c0144e2398d1b0175', 'hanxiaoyu@nationsky.com', '韩晓宇', 'hanxiaoyu@nationsky.com', '123', '402881f844e2391c0144e239728b001e'), ('402881f844e2391c0144e2398d310177', 'genglan@nationsky.com', '耿兰', 'genglan@nationsky.com', '123', '402881f844e2391c0144e239728b001e'), ('402881f844e2391c0144e2398d560179', 'peifengyan@nationsky.com', '裴凤言', 'peifengyan@nationsky.com', '123', '402881f844e2391c0144e239728b001e'), ('402881f844e2391c0144e2398d71017b', 'jiangjinjin@nationsky.com', '姜金金', 'jiangjinjin@nationsky.com', '123', '402881f844e2391c0144e239728b001e'), ('402881f844e2391c0144e2398d89017d', 'tianzifang@nationsky.com', '田子方', 'tianzifang@nationsky.com', '123', '402881f844e2391c0144e239728b001e'), ('402881f844e2391c0144e2398da0017f', 'huangxiaolong@nationsky.com', '黄小龙', 'huangxiaolong@nationsky.com', '123', '402881f844e2391c0144e239728b001e'), ('402881f844e2391c0144e2398dc00181', 'wanggang@nationsky.com', '王刚', 'wanggang@nationsky.com', '123', '402881f844e2391c0144e239728b001e'), ('402881f844e2391c0144e2398dd40183', 'huangjianxiang@nationsky.com', '黄健翔', 'huangjianxiang@nationsky.com', '123', '402881f844e2391c0144e239728b001e'), ('402881f844e2391c0144e2398dec0185', 'conglimin@nationsky.com', '丛丽敏', 'conglimin@nationsky.com', '123', '402881f844e2391c0144e239728b001e'), ('402881f844e2391c0144e2398e000187', 'guoyatechi1@nationsky.com', '王磊', 'guoyatechi1@nationsky.com', '123', '402881f844e2391c0144e239728b001e'), ('402881f844e2391c0144e2398e180189', 'dujiayang@nationsky.com', '杜佳阳', 'dujiayang@nationsky.com', '123', '402881f844e2391c0144e23972ac001f'), ('402881f844e2391c0144e2398e31018b', 'dengminmin@nationsky.com', '邓敏敏', 'dengminmin@nationsky.com', '123', '402881f844e2391c0144e23972ac001f'), ('402881f844e2391c0144e2398e4f018d', 'lijingwei@nationsky.com', '李敬巍', 'lijingwei@nationsky.com', '123', '402881f844e2391c0144e23972ac001f'), ('402881f844e2391c0144e2398e63018f', 'wanglan@nationsky.com', '王兰', 'wanglan@nationsky.com', '123', '402881f844e2391c0144e23972ac001f'), ('402881f844e2391c0144e2398e7c0191', 'songbin@nationsky.com', '宋斌', 'songbin@nationsky.com', '123', '402881f844e2391c0144e23972ac001f'), ('402881f844e2391c0144e2398e9c0193', 'xuming@nationsky.com', '徐明', 'xuming@nationsky.com', '123', '402881f844e2391c0144e23972ac001f'), ('402881f844e2391c0144e2398eb00195', 'lichao@nationsky.com', '李超', 'lichao@nationsky.com', '123', '402881f844e2391c0144e23972ac001f'), ('402881f844e2391c0144e2398ed30197', 'wangxuegui@nationsky.com', '王学贵', 'wangxuegui@nationsky.com', '123', '402881f844e2391c0144e23972ac001f'), ('402881f844e2391c0144e2398ee70199', 'dongzhen@nationsky.com', '董震', 'dongzhen@nationsky.com', '123', '402881f844e2391c0144e23972ac001f'), ('402881f844e2391c0144e2398eff019b', 'baimanli@nationsky.com', '白满丽', 'baimanli@nationsky.com', '123', '402881f844e2391c0144e23972ac001f'), ('402881f844e2391c0144e2398f13019d', 'wanglisha@nationsky.com', '王丽莎', 'wanglisha@nationsky.com', '123', '402881f844e2391c0144e23972ac001f'), ('402881f844e2391c0144e2398f2b019f', 'yubaojian@nationsky.com', '于堡舰?', 'yubaojian@nationsky.com', '123', '402881f844e2391c0144e23972cd0020'), ('402881f844e2391c0144e2398f3f01a1', 'lilianghao@nationsky.com', '李良浩', 'lilianghao@nationsky.com', '123', '402881f844e2391c0144e23972cd0020'), ('402881f844e2391c0144e2398f5701a3', 'yangyalin@nationsky.com', '杨亚霖', 'yangyalin@nationsky.com', '123', '402881f844e2391c0144e23972cd0020'), ('402881f844e2391c0144e2398f6b01a5', 'gengyanbo@nationsky.com', '耿研渤', 'gengyanbo@nationsky.com', '123', '402881f844e2391c0144e23972cd0020'), ('402881f844e2391c0144e2398f8e01a7', 'luozhongyan@nationsky.com', '罗忠燕', 'luozhongyan@nationsky.com', '123', '402881f844e2391c0144e23972cd0020'), ('402881f844e2391c0144e2398fa201a9', 'yanghailong@nationsky.com', '杨海龙', 'yanghailong@nationsky.com', '123', '402881f844e2391c0144e23972cd0020'), ('402881f844e2391c0144e2398fba01ab', 'dongmengmeng@nationsky.com', '董蒙蒙', 'dongmengmeng@nationsky.com', '123', '402881f844e2391c0144e23972cd0020'), ('402881f844e2391c0144e2398fce01ad', 'jiangneng@nationsky.com', '江能', 'jiangneng@nationsky.com', '123', '402881f844e2391c0144e23972cd0020'), ('402881f844e2391c0144e2398fe601af', 'miaojundong@nationsky.com', '苗俊东', 'miaojundong@nationsky.com', '123', '402881f844e2391c0144e23972cd0020'), ('402881f844e2391c0144e2398ffd01b1', 'shenliwei@nationsky.com', '申立伟', 'shenliwei@nationsky.com', '123', '402881f844e2391c0144e23972cd0020'), ('402881f844e2391c0144e239902801b3', 'wangweidong@nationsky.com', '王卫东', 'wangweidong@nationsky.com', '123', '402881f844e2391c0144e23972cd0020'), ('402881f844e2391c0144e239903c01b5', 'zangbaoliang@nationsky.com', '臧宝亮', 'zangbaoliang@nationsky.com', '123', '402881f844e2391c0144e23972cd0020'), ('402881f844e2391c0144e239905501b7', 'liguoqiang@nationsky.com', '李国强', 'liguoqiang@nationsky.com', '123', '402881f844e2391c0144e23972cd0020');

DELETE FROM `sso_user_ext`;
INSERT INTO `sso_user_ext` (`id`, `user_id`, `profile_img_url`, `profile_img_code`, `user_state`, `creation_date`, `modification_date`, `title`, `nick_name`, `comany_name`, `mobile`, `phone`, `fax`, `zip_code`, `nationality`, `province`, `city`, `street`, `work_phone`, `work_mobile`, `work_fax`, `work_zip_code`, `work_nationality`, `work_province`, `work_city`, `work_street`, `source_type`, `sync_batch_no`, `auto_sync`) VALUES ('402881f844e2391c0144e239745e0024', '402881f844e2391c0144e239745c0023', NULL, NULL, 0, '2014-03-21', NULL, '首席执行官', NULL, NULL, NULL, '13901299642', NULL, NULL, NULL, NULL, NULL, NULL, NULL, NULL, NULL, NULL, NULL, NULL, NULL, NULL, 0, '0', 1), ('402881f844e2391c0144e23974f20026', '402881f844e2391c0144e23974f10025', NULL, NULL, 0, '2014-03-21', NULL, '总裁', NULL, NULL, NULL, '13801157029', NULL, NULL, NULL, NULL, NULL, NULL, NULL, NULL, NULL, NULL, NULL, NULL, NULL, NULL, 0, '0', 1), ('402881f844e2391c0144e23975280028', '402881f844e2391c0144e23975280027', NULL, NULL, 0, '2014-03-21', NULL, '总裁助理', NULL, NULL, NULL, '13910470589', NULL, NULL, NULL, NULL, NULL, NULL, NULL, NULL, NULL, NULL, NULL, NULL, NULL, NULL, 0, '0', 1), ('402881f844e2391c0144e2397549002a', '402881f844e2391c0144e23975490029', NULL, NULL, 0, '2014-03-21', NULL, '高级副总裁', NULL, NULL, NULL, '13511067125', NULL, NULL, NULL, NULL, NULL, NULL, NULL, NULL, NULL, NULL, NULL, NULL, NULL, NULL, 0, '0', 1), ('402881f844e2391c0144e239757a002c', '402881f844e2391c0144e239757a002b', NULL, NULL, 0, '2014-03-21', NULL, '财务及人事总监', NULL, NULL, NULL, '15901550251', NULL, NULL, NULL, NULL, NULL, NULL, NULL, NULL, NULL, NULL, NULL, NULL, NULL, NULL, 0, '0', 1), ('402881f844e2391c0144e23975a2002e', '402881f844e2391c0144e23975a1002d', NULL, NULL, 0, '2014-03-21', NULL, '财务经理', NULL, NULL, NULL, '13910470857', NULL, NULL, NULL, NULL, NULL, NULL, NULL, NULL, NULL, NULL, NULL, NULL, NULL, NULL, 0, '0', 1), ('402881f844e2391c0144e23975c20030', '402881f844e2391c0144e23975c2002f', NULL, NULL, 0, '2014-03-21', NULL, '财务副经理', NULL, NULL, NULL, '13810063418', NULL, NULL, NULL, NULL, NULL, NULL, NULL, NULL, NULL, NULL, NULL, NULL, NULL, NULL, 0, '0', 1), ('402881f844e2391c0144e23975e30032', '402881f844e2391c0144e23975e30031', NULL, NULL, 0, '2014-03-21', NULL, '高级主管会计', NULL, NULL, NULL, '13717560185', NULL, NULL, NULL, NULL, NULL, NULL, NULL, NULL, NULL, NULL, NULL, NULL, NULL, NULL, 0, '0', 1), ('402881f844e2391c0144e23976040034', '402881f844e2391c0144e23976040033', NULL, NULL, 0, '2014-03-21', NULL, '财务经理', NULL, NULL, NULL, '13439132005', NULL, NULL, NULL, NULL, NULL, NULL, NULL, NULL, NULL, NULL, NULL, NULL, NULL, NULL, 0, '0', 1), ('402881f844e2391c0144e23976250036', '402881f844e2391c0144e23976250035', NULL, NULL, 0, '2014-03-21', NULL, '财务经理', NULL, NULL, NULL, '15910846853', NULL, NULL, NULL, NULL, NULL, NULL, NULL, NULL, NULL, NULL, NULL, NULL, NULL, NULL, 0, '0', 1), ('402881f844e2391c0144e23976460038', '402881f844e2391c0144e23976460037', NULL, NULL, 0, '2014-03-21', NULL, '财务部助理', NULL, NULL, NULL, '15120091246', NULL, NULL, NULL, NULL, NULL, NULL, NULL, NULL, NULL, NULL, NULL, NULL, NULL, NULL, 0, '0', 1), ('402881f844e2391c0144e2397668003a', '402881f844e2391c0144e23976670039', NULL, NULL, 0, '2014-03-21', NULL, '行政经理', NULL, NULL, NULL, '13811903270', NULL, NULL, NULL, NULL, NULL, NULL, NULL, NULL, NULL, NULL, NULL, NULL, NULL, NULL, 0, '0', 1), ('402881f844e2391c0144e239768a003c', '402881f844e2391c0144e2397689003b', NULL, NULL, 0, '2014-03-21', NULL, '固定资产管理员', NULL, NULL, NULL, '13910966289', NULL, NULL, NULL, NULL, NULL, NULL, NULL, NULL, NULL, NULL, NULL, NULL, NULL, NULL, 0, '0', 1), ('402881f844e2391c0144e23976aa003e', '402881f844e2391c0144e23976aa003d', NULL, NULL, 0, '2014-03-21', NULL, '库管', NULL, NULL, NULL, '13811944490', NULL, NULL, NULL, NULL, NULL, NULL, NULL, NULL, NULL, NULL, NULL, NULL, NULL, NULL, 0, '0', 1), ('402881f844e2391c0144e23976cb0040', '402881f844e2391c0144e23976cb003f', NULL, NULL, 0, '2014-03-21', NULL, '采购', NULL, NULL, NULL, '15915441259', NULL, NULL, NULL, NULL, NULL, NULL, NULL, NULL, NULL, NULL, NULL, NULL, NULL, NULL, 0, '0', 1), ('402881f844e2391c0144e23976fa0042', '402881f844e2391c0144e23976fa0041', NULL, NULL, 0, '2014-03-21', NULL, '未知', NULL, NULL, NULL, '15801682286', NULL, NULL, NULL, NULL, NULL, NULL, NULL, NULL, NULL, NULL, NULL, NULL, NULL, NULL, 0, '0', 1), ('402881f844e2391c0144e23977460044', '402881f844e2391c0144e23977460043', NULL, NULL, 0, '2014-03-21', NULL, '前台', NULL, NULL, NULL, '15210058788', NULL, NULL, NULL, NULL, NULL, NULL, NULL, NULL, NULL, NULL, NULL, NULL, NULL, NULL, 0, '0', 1), ('402881f844e2391c0144e23977640046', '402881f844e2391c0144e23977640045', NULL, NULL, 0, '2014-03-21', NULL, '商务', NULL, NULL, NULL, '15810361151', NULL, NULL, NULL, NULL, NULL, NULL, NULL, NULL, NULL, NULL, NULL, NULL, NULL, NULL, 0, '0', 1), ('402881f844e2391c0144e23977860048', '402881f844e2391c0144e23977860047', NULL, NULL, 0, '2014-03-21', NULL, 'CTO', NULL, NULL, NULL, '13910939865', NULL, NULL, NULL, NULL, NULL, NULL, NULL, NULL, NULL, NULL, NULL, NULL, NULL, NULL, 0, '0', 1), ('402881f844e2391c0144e23977ec004a', '402881f844e2391c0144e23977ec0049', NULL, NULL, 0, '2014-03-21', NULL, '副总经理-项目管理', NULL, NULL, NULL, '13701063820', NULL, NULL, NULL, NULL, NULL, NULL, NULL, NULL, NULL, NULL, NULL, NULL, NULL, NULL, 0, '0', 1), ('402881f844e2391c0144e2397814004c', '402881f844e2391c0144e2397814004b', NULL, NULL, 0, '2014-03-21', NULL, '总经理(银行）', NULL, NULL, NULL, '13911368182', NULL, NULL, NULL, NULL, NULL, NULL, NULL, NULL, NULL, NULL, NULL, NULL, NULL, NULL, 0, '0', 1), ('402881f844e2391c0144e2397835004e', '402881f844e2391c0144e2397835004d', NULL, NULL, 0, '2014-03-21', NULL, '项目经理', NULL, NULL, NULL, '18613811880', NULL, NULL, NULL, NULL, NULL, NULL, NULL, NULL, NULL, NULL, NULL, NULL, NULL, NULL, 0, '0', 1), ('402881f844e2391c0144e23978610050', '402881f844e2391c0144e2397860004f', NULL, NULL, 0, '2014-03-21', NULL, '副总裁', NULL, NULL, NULL, '13911393007', NULL, NULL, NULL, NULL, NULL, NULL, NULL, NULL, NULL, NULL, NULL, NULL, NULL, NULL, 0, '0', 1), ('402881f844e2391c0144e23978770052', '402881f844e2391c0144e23978770051', NULL, NULL, 0, '2014-03-21', NULL, '客户经理', NULL, NULL, NULL, '13501286141', NULL, NULL, NULL, NULL, NULL, NULL, NULL, NULL, NULL, NULL, NULL, NULL, NULL, NULL, 0, '0', 1), ('402881f844e2391c0144e23978980054', '402881f844e2391c0144e23978980053', NULL, NULL, 0, '2014-03-21', NULL, '大客户经理', NULL, NULL, NULL, '13810615700', NULL, NULL, NULL, NULL, NULL, NULL, NULL, NULL, NULL, NULL, NULL, NULL, NULL, NULL, 0, '0', 1), ('402881f844e2391c0144e23978b90056', '402881f844e2391c0144e23978b90055', NULL, NULL, 0, '2014-03-21', NULL, '客户经理', NULL, NULL, NULL, '13825237472', NULL, NULL, NULL, NULL, NULL, NULL, NULL, NULL, NULL, NULL, NULL, NULL, NULL, NULL, 0, '0', 1), ('402881f844e2391c0144e23978da0058', '402881f844e2391c0144e23978da0057', NULL, NULL, 0, '2014-03-21', NULL, '客户经理', NULL, NULL, NULL, '13661826378', NULL, NULL, NULL, NULL, NULL, NULL, NULL, NULL, NULL, NULL, NULL, NULL, NULL, NULL, 0, '0', 1), ('402881f844e2391c0144e23978fd005a', '402881f844e2391c0144e23978fd0059', NULL, NULL, 0, '2014-03-21', NULL, '销售助理', NULL, NULL, NULL, '13910470511', NULL, NULL, NULL, NULL, NULL, NULL, NULL, NULL, NULL, NULL, NULL, NULL, NULL, NULL, 0, '0', 1), ('402881f844e2391c0144e2397920005c', '402881f844e2391c0144e2397920005b', NULL, NULL, 0, '2014-03-21', NULL, '总经理', NULL, NULL, NULL, '13810101864', NULL, NULL, NULL, NULL, NULL, NULL, NULL, NULL, NULL, NULL, NULL, NULL, NULL, NULL, 0, '0', 1), ('402881f844e2391c0144e239793d005e', '402881f844e2391c0144e239793d005d', NULL, NULL, 0, '2014-03-21', NULL, '销售', NULL, NULL, NULL, '18611983684', NULL, NULL, NULL, NULL, NULL, NULL, NULL, NULL, NULL, NULL, NULL, NULL, NULL, NULL, 0, '0', 1), ('402881f844e2391c0144e23979540060', '402881f844e2391c0144e2397954005f', NULL, NULL, 0, '2014-03-21', NULL, '客户经理', NULL, NULL, NULL, '13911178531', NULL, NULL, NULL, NULL, NULL, NULL, NULL, NULL, NULL, NULL, NULL, NULL, NULL, NULL, 0, '0', 1), ('402881f844e2391c0144e23979750062', '402881f844e2391c0144e23979750061', NULL, NULL, 0, '2014-03-21', NULL, '华北区总经理', NULL, NULL, NULL, '13910771751', NULL, NULL, NULL, NULL, NULL, NULL, NULL, NULL, NULL, NULL, NULL, NULL, NULL, NULL, 0, '0', 1), ('402881f844e2391c0144e23979960064', '402881f844e2391c0144e23979960063', NULL, NULL, 0, '2014-03-21', NULL, '客户经理', NULL, NULL, NULL, '13811474855', NULL, NULL, NULL, NULL, NULL, NULL, NULL, NULL, NULL, NULL, NULL, NULL, NULL, NULL, 0, '0', 1), ('402881f844e2391c0144e23979b60066', '402881f844e2391c0144e23979b60065', NULL, NULL, 0, '2014-03-21', NULL, '客户经理', NULL, NULL, NULL, '13910989297', NULL, NULL, NULL, NULL, NULL, NULL, NULL, NULL, NULL, NULL, NULL, NULL, NULL, NULL, 0, '0', 1), ('402881f844e2391c0144e23979d80068', '402881f844e2391c0144e23979d80067', NULL, NULL, 0, '2014-03-21', NULL, '客户经理', NULL, NULL, NULL, '13439919339', NULL, NULL, NULL, NULL, NULL, NULL, NULL, NULL, NULL, NULL, NULL, NULL, NULL, NULL, 0, '0', 1), ('402881f844e2391c0144e23979f9006a', '402881f844e2391c0144e23979f90069', NULL, NULL, 0, '2014-03-21', NULL, '客户经理', NULL, NULL, NULL, '13810218733', NULL, NULL, NULL, NULL, NULL, NULL, NULL, NULL, NULL, NULL, NULL, NULL, NULL, NULL, 0, '0', 1), ('402881f844e2391c0144e2397a19006c', '402881f844e2391c0144e2397a19006b', NULL, NULL, 0, '2014-03-21', NULL, '客户经理', NULL, NULL, NULL, '15901445852', NULL, NULL, NULL, NULL, NULL, NULL, NULL, NULL, NULL, NULL, NULL, NULL, NULL, NULL, 0, '0', 1), ('402881f844e2391c0144e2397a3a006e', '402881f844e2391c0144e2397a3a006d', NULL, NULL, 0, '2014-03-21', NULL, '客户经理', NULL, NULL, NULL, '13810146101', NULL, NULL, NULL, NULL, NULL, NULL, NULL, NULL, NULL, NULL, NULL, NULL, NULL, NULL, 0, '0', 1), ('402881f844e2391c0144e2397a5c0070', '402881f844e2391c0144e2397a5c006f', NULL, NULL, 0, '2014-03-21', NULL, '办事处主任', NULL, NULL, NULL, '13352026766', NULL, NULL, NULL, NULL, NULL, NULL, NULL, NULL, NULL, NULL, NULL, NULL, NULL, NULL, 0, '0', 1), ('402881f844e2391c0144e2397a7c0072', '402881f844e2391c0144e2397a7c0071', NULL, NULL, 0, '2014-03-21', NULL, '客户经理', NULL, NULL, NULL, '13920049630', NULL, NULL, NULL, NULL, NULL, NULL, NULL, NULL, NULL, NULL, NULL, NULL, NULL, NULL, 0, '0', 1), ('402881f844e2391c0144e2397aa00074', '402881f844e2391c0144e2397aa00073', NULL, NULL, 0, '2014-03-21', NULL, '华东区总经理', NULL, NULL, NULL, '18916048999', NULL, NULL, NULL, NULL, NULL, NULL, NULL, NULL, NULL, NULL, NULL, NULL, NULL, NULL, 0, '0', 1), ('402881f844e2391c0144e2397ac00076', '402881f844e2391c0144e2397ac00075', NULL, NULL, 0, '2014-03-21', NULL, '客户经理', NULL, NULL, NULL, '18721913171', NULL, NULL, NULL, NULL, NULL, NULL, NULL, NULL, NULL, NULL, NULL, NULL, NULL, NULL, 0, '0', 1), ('402881f844e2391c0144e2397ae00078', '402881f844e2391c0144e2397ae00077', NULL, NULL, 0, '2014-03-21', NULL, '售后', NULL, NULL, NULL, '13910464513', NULL, NULL, NULL, NULL, NULL, NULL, NULL, NULL, NULL, NULL, NULL, NULL, NULL, NULL, 0, '0', 1), ('402881f844e2391c0144e2397b01007a', '402881f844e2391c0144e2397b010079', NULL, NULL, 0, '2014-03-21', NULL, '客户经理', NULL, NULL, NULL, '13399690807', NULL, NULL, NULL, NULL, NULL, NULL, NULL, NULL, NULL, NULL, NULL, NULL, NULL, NULL, 0, '0', 1), ('402881f844e2391c0144e2397b21007c', '402881f844e2391c0144e2397b21007b', NULL, NULL, 0, '2014-03-21', NULL, '销售助理', NULL, NULL, NULL, '13916131713', NULL, NULL, NULL, NULL, NULL, NULL, NULL, NULL, NULL, NULL, NULL, NULL, NULL, NULL, 0, '0', 1), ('402881f844e2391c0144e2397b42007e', '402881f844e2391c0144e2397b42007d', NULL, NULL, 0, '2014-03-21', NULL, '客户经理', NULL, NULL, NULL, '15906612346', NULL, NULL, NULL, NULL, NULL, NULL, NULL, NULL, NULL, NULL, NULL, NULL, NULL, NULL, 0, '0', 1), ('402881f844e2391c0144e2397b640080', '402881f844e2391c0144e2397b64007f', NULL, NULL, 0, '2014-03-21', NULL, '客户经理', NULL, NULL, NULL, '13337838000', NULL, NULL, NULL, NULL, NULL, NULL, NULL, NULL, NULL, NULL, NULL, NULL, NULL, NULL, 0, '0', 1), ('402881f844e2391c0144e2397b840082', '402881f844e2391c0144e2397b840081', NULL, NULL, 0, '2014-03-21', NULL, '测试工程师', NULL, NULL, NULL, '18610015608', NULL, NULL, NULL, NULL, NULL, NULL, NULL, NULL, NULL, NULL, NULL, NULL, NULL, NULL, 0, '0', 1), ('402881f844e2391c0144e2397ba50084', '402881f844e2391c0144e2397ba50083', NULL, NULL, 0, '2014-03-21', NULL, 'Java开发工程师', NULL, NULL, NULL, '15851807902', NULL, NULL, NULL, NULL, NULL, NULL, NULL, NULL, NULL, NULL, NULL, NULL, NULL, NULL, 0, '0', 1), ('402881f844e2391c0144e2397bc60086', '402881f844e2391c0144e2397bc60085', NULL, NULL, 0, '2014-03-21', NULL, '华南区总经理', NULL, NULL, NULL, '13823182701', NULL, NULL, NULL, NULL, NULL, NULL, NULL, NULL, NULL, NULL, NULL, NULL, NULL, NULL, 0, '0', 1), ('402881f844e2391c0144e2397be80088', '402881f844e2391c0144e2397be70087', NULL, NULL, 0, '2014-03-21', NULL, '客户经理', NULL, NULL, NULL, '13823593435', NULL, NULL, NULL, NULL, NULL, NULL, NULL, NULL, NULL, NULL, NULL, NULL, NULL, NULL, 0, '0', 1), ('402881f844e2391c0144e2397c08008a', '402881f844e2391c0144e2397c080089', NULL, NULL, 0, '2014-03-21', NULL, '客户经理', NULL, NULL, NULL, '15989583302', NULL, NULL, NULL, NULL, NULL, NULL, NULL, NULL, NULL, NULL, NULL, NULL, NULL, NULL, 0, '0', 1), ('402881f844e2391c0144e2397c29008c', '402881f844e2391c0144e2397c29008b', NULL, NULL, 0, '2014-03-21', NULL, '客户经理', NULL, NULL, NULL, '13823729784', NULL, NULL, NULL, NULL, NULL, NULL, NULL, NULL, NULL, NULL, NULL, NULL, NULL, NULL, 0, '0', 1), ('402881f844e2391c0144e2397c4a008e', '402881f844e2391c0144e2397c4a008d', NULL, NULL, 0, '2014-03-21', NULL, '会计', NULL, NULL, NULL, '13622343839', NULL, NULL, NULL, NULL, NULL, NULL, NULL, NULL, NULL, NULL, NULL, NULL, NULL, NULL, 0, '0', 1), ('402881f844e2391c0144e2397c6b0090', '402881f844e2391c0144e2397c6b008f', NULL, NULL, 0, '2014-03-21', NULL, '客户经理', NULL, NULL, NULL, '18608031836', NULL, NULL, NULL, NULL, NULL, NULL, NULL, NULL, NULL, NULL, NULL, NULL, NULL, NULL, 0, '0', 1), ('402881f844e2391c0144e2397c8d0092', '402881f844e2391c0144e2397c8c0091', NULL, NULL, 0, '2014-03-21', NULL, '销售助理', NULL, NULL, NULL, '15982883925', NULL, NULL, NULL, NULL, NULL, NULL, NULL, NULL, NULL, NULL, NULL, NULL, NULL, NULL, 0, '0', 1), ('402881f844e2391c0144e2397cae0094', '402881f844e2391c0144e2397cae0093', NULL, NULL, 0, '2014-03-21', NULL, '华中区总经理', NULL, NULL, NULL, '13907132763', NULL, NULL, NULL, NULL, NULL, NULL, NULL, NULL, NULL, NULL, NULL, NULL, NULL, NULL, 0, '0', 1), ('402881f844e2391c0144e2397ccf0096', '402881f844e2391c0144e2397cce0095', NULL, NULL, 0, '2014-03-21', NULL, '客户经理', NULL, NULL, NULL, '18607166050', NULL, NULL, NULL, NULL, NULL, NULL, NULL, NULL, NULL, NULL, NULL, NULL, NULL, NULL, 0, '0', 1), ('402881f844e2391c0144e2397cf00098', '402881f844e2391c0144e2397cef0097', NULL, NULL, 0, '2014-03-21', NULL, '销售助理', NULL, NULL, NULL, '15871712675', NULL, NULL, NULL, NULL, NULL, NULL, NULL, NULL, NULL, NULL, NULL, NULL, NULL, NULL, 0, '0', 1), ('402881f844e2391c0144e2397d11009a', '402881f844e2391c0144e2397d110099', NULL, NULL, 0, '2014-03-21', NULL, '客户经理', NULL, NULL, NULL, '13607435819', NULL, NULL, NULL, NULL, NULL, NULL, NULL, NULL, NULL, NULL, NULL, NULL, NULL, NULL, 0, '0', 1), ('402881f844e2391c0144e2397d32009c', '402881f844e2391c0144e2397d32009b', NULL, NULL, 0, '2014-03-21', NULL, '山东区总经理', NULL, NULL, NULL, '13969868622', NULL, NULL, NULL, NULL, NULL, NULL, NULL, NULL, NULL, NULL, NULL, NULL, NULL, NULL, 0, '0', 1), ('402881f844e2391c0144e2397d53009e', '402881f844e2391c0144e2397d53009d', NULL, NULL, 0, '2014-03-21', NULL, '销售助理', NULL, NULL, NULL, '13791136791', NULL, NULL, NULL, NULL, NULL, NULL, NULL, NULL, NULL, NULL, NULL, NULL, NULL, NULL, 0, '0', 1), ('402881f844e2391c0144e2397d7700a0', '402881f844e2391c0144e2397d77009f', NULL, NULL, 0, '2014-03-21', NULL, '客户经理', NULL, NULL, NULL, '13864139134', NULL, NULL, NULL, NULL, NULL, NULL, NULL, NULL, NULL, NULL, NULL, NULL, NULL, NULL, 0, '0', 1), ('402881f844e2391c0144e2397d9400a2', '402881f844e2391c0144e2397d9400a1', NULL, NULL, 0, '2014-03-21', NULL, '人事经理', NULL, NULL, NULL, '13810145774', NULL, NULL, NULL, NULL, NULL, NULL, NULL, NULL, NULL, NULL, NULL, NULL, NULL, NULL, 0, '0', 1), ('402881f844e2391c0144e2397db600a4', '402881f844e2391c0144e2397db600a3', NULL, NULL, 0, '2014-03-21', NULL, '招聘经理', NULL, NULL, NULL, '13910470571', NULL, NULL, NULL, NULL, NULL, NULL, NULL, NULL, NULL, NULL, NULL, NULL, NULL, NULL, 0, '0', 1), ('402881f844e2391c0144e2397dd700a6', '402881f844e2391c0144e2397dd700a5', NULL, NULL, 0, '2014-03-21', NULL, '人事经理', NULL, NULL, NULL, '13910892408', NULL, NULL, NULL, NULL, NULL, NULL, NULL, NULL, NULL, NULL, NULL, NULL, NULL, NULL, 0, '0', 1), ('402881f844e2391c0144e2397df800a8', '402881f844e2391c0144e2397df800a7', NULL, NULL, 0, '2014-03-21', NULL, '高级副总裁-研发', NULL, NULL, NULL, '13910802010', NULL, NULL, NULL, NULL, NULL, NULL, NULL, NULL, NULL, NULL, NULL, NULL, NULL, NULL, 0, '0', 1), ('402881f844e2391c0144e2397e1900aa', '402881f844e2391c0144e2397e1900a9', NULL, NULL, 0, '2014-03-21', NULL, '研发助理', NULL, NULL, NULL, '13581934968', NULL, NULL, NULL, NULL, NULL, NULL, NULL, NULL, NULL, NULL, NULL, NULL, NULL, NULL, 0, '0', 1), ('402881f844e2391c0144e2397e3a00ac', '402881f844e2391c0144e2397e3900ab', NULL, NULL, 0, '2014-03-21', NULL, '技术总监?', NULL, NULL, NULL, '18612708408', NULL, NULL, NULL, NULL, NULL, NULL, NULL, NULL, NULL, NULL, NULL, NULL, NULL, NULL, 0, '0', 1), ('402881f844e2391c0144e2397e5b00ae', '402881f844e2391c0144e2397e5b00ad', NULL, NULL, 0, '2014-03-21', NULL, '市场总监', NULL, NULL, NULL, '18911801887', NULL, NULL, NULL, NULL, NULL, NULL, NULL, NULL, NULL, NULL, NULL, NULL, NULL, NULL, 0, '0', 1), ('402881f844e2391c0144e2397e7c00b0', '402881f844e2391c0144e2397e7c00af', NULL, NULL, 0, '2014-03-21', NULL, '产品市场经理', NULL, NULL, NULL, '18611685457', NULL, NULL, NULL, NULL, NULL, NULL, NULL, NULL, NULL, NULL, NULL, NULL, NULL, NULL, 0, '0', 1), ('402881f844e2391c0144e2397e9d00b2', '402881f844e2391c0144e2397e9d00b1', NULL, NULL, 0, '2014-03-21', NULL, '客户经理', NULL, NULL, NULL, '13439937010', NULL, NULL, NULL, NULL, NULL, NULL, NULL, NULL, NULL, NULL, NULL, NULL, NULL, NULL, 0, '0', 1), ('402881f844e2391c0144e2397ebe00b4', '402881f844e2391c0144e2397ebe00b3', NULL, NULL, 0, '2014-03-21', NULL, '行业助理', NULL, NULL, NULL, '13811899248', NULL, NULL, NULL, NULL, NULL, NULL, NULL, NULL, NULL, NULL, NULL, NULL, NULL, NULL, 0, '0', 1), ('402881f844e2391c0144e2397edf00b6', '402881f844e2391c0144e2397edf00b5', NULL, NULL, 0, '2014-03-21', NULL, '高级副总裁', NULL, NULL, NULL, '13810814563', NULL, NULL, NULL, NULL, NULL, NULL, NULL, NULL, NULL, NULL, NULL, NULL, NULL, NULL, 0, '0', 1), ('402881f844e2391c0144e2397f0000b8', '402881f844e2391c0144e2397f0000b7', NULL, NULL, 0, '2014-03-21', NULL, '保险事业部总经理', NULL, NULL, NULL, '13801067682', NULL, NULL, NULL, NULL, NULL, NULL, NULL, NULL, NULL, NULL, NULL, NULL, NULL, NULL, 0, '0', 1), ('402881f844e2391c0144e2397f2100ba', '402881f844e2391c0144e2397f2100b9', NULL, NULL, 0, '2014-03-21', NULL, '大客户经理', NULL, NULL, NULL, '13488853723', NULL, NULL, NULL, NULL, NULL, NULL, NULL, NULL, NULL, NULL, NULL, NULL, NULL, NULL, 0, '0', 1), ('402881f844e2391c0144e2397f4200bc', '402881f844e2391c0144e2397f4200bb', NULL, NULL, 0, '2014-03-21', NULL, '大客户经理', NULL, NULL, NULL, '13910231272', NULL, NULL, NULL, NULL, NULL, NULL, NULL, NULL, NULL, NULL, NULL, NULL, NULL, NULL, 0, '0', 1), ('402881f844e2391c0144e2397f6300be', '402881f844e2391c0144e2397f6300bd', NULL, NULL, 0, '2014-03-21', NULL, '总监', NULL, NULL, NULL, '18600004230', NULL, NULL, NULL, NULL, NULL, NULL, NULL, NULL, NULL, NULL, NULL, NULL, NULL, NULL, 0, '0', 1), ('402881f844e2391c0144e2397f8400c0', '402881f844e2391c0144e2397f8400bf', NULL, NULL, 0, '2014-03-21', NULL, '销售总监', NULL, NULL, NULL, '13910973659', NULL, NULL, NULL, NULL, NULL, NULL, NULL, NULL, NULL, NULL, NULL, NULL, NULL, NULL, 0, '0', 1), ('402881f844e2391c0144e2397fa500c2', '402881f844e2391c0144e2397fa500c1', NULL, NULL, 0, '2014-03-21', NULL, '商务经理', NULL, NULL, NULL, '13366877889', NULL, NULL, NULL, NULL, NULL, NULL, NULL, NULL, NULL, NULL, NULL, NULL, NULL, NULL, 0, '0', 1), ('402881f844e2391c0144e2397fc600c4', '402881f844e2391c0144e2397fc600c3', NULL, NULL, 0, '2014-03-21', NULL, '客户经理', NULL, NULL, NULL, '13810148048', NULL, NULL, NULL, NULL, NULL, NULL, NULL, NULL, NULL, NULL, NULL, NULL, NULL, NULL, 0, '0', 1), ('402881f844e2391c0144e2397fdc00c6', '402881f844e2391c0144e2397fdc00c5', NULL, NULL, 0, '2014-03-21', NULL, '客户经理', NULL, NULL, NULL, '18660191733', NULL, NULL, NULL, NULL, NULL, NULL, NULL, NULL, NULL, NULL, NULL, NULL, NULL, NULL, 0, '0', 1), ('402881f844e2391c0144e2397ff200c8', '402881f844e2391c0144e2397ff200c7', NULL, NULL, 0, '2014-03-21', NULL, '总经理', NULL, NULL, NULL, '13701127230', NULL, NULL, NULL, NULL, NULL, NULL, NULL, NULL, NULL, NULL, NULL, NULL, NULL, NULL, 0, '0', 1), ('402881f844e2391c0144e239800800ca', '402881f844e2391c0144e239800800c9', NULL, NULL, 0, '2014-03-21', NULL, '客户经理', NULL, NULL, NULL, '13910169330', NULL, NULL, NULL, NULL, NULL, NULL, NULL, NULL, NULL, NULL, NULL, NULL, NULL, NULL, 0, '0', 1), ('402881f844e2391c0144e239801e00cc', '402881f844e2391c0144e239801e00cb', NULL, NULL, 0, '2014-03-21', NULL, '客户经理', NULL, NULL, NULL, '13911189994', NULL, NULL, NULL, NULL, NULL, NULL, NULL, NULL, NULL, NULL, NULL, NULL, NULL, NULL, 0, '0', 1), ('402881f844e2391c0144e239803800ce', '402881f844e2391c0144e239803800cd', NULL, NULL, 0, '2014-03-21', NULL, '客户经理', NULL, NULL, NULL, '13311253679', NULL, NULL, NULL, NULL, NULL, NULL, NULL, NULL, NULL, NULL, NULL, NULL, NULL, NULL, 0, '0', 1), ('402881f844e2391c0144e239805500d0', '402881f844e2391c0144e239805500cf', NULL, NULL, 0, '2014-03-21', NULL, '客户经理', NULL, NULL, NULL, '13911755502', NULL, NULL, NULL, NULL, NULL, NULL, NULL, NULL, NULL, NULL, NULL, NULL, NULL, NULL, 0, '0', 1), ('402881f844e2391c0144e239806d00d2', '402881f844e2391c0144e239806d00d1', NULL, NULL, 0, '2014-03-21', NULL, '总经理', NULL, NULL, NULL, '13801150603', NULL, NULL, NULL, NULL, NULL, NULL, NULL, NULL, NULL, NULL, NULL, NULL, NULL, NULL, 0, '0', 1), ('402881f844e2391c0144e239808d00d4', '402881f844e2391c0144e239808d00d3', NULL, NULL, 0, '2014-03-21', NULL, '副总经理（产品）', NULL, NULL, NULL, '18610041760', NULL, NULL, NULL, NULL, NULL, NULL, NULL, NULL, NULL, NULL, NULL, NULL, NULL, NULL, 0, '0', 1), ('402881f844e2391c0144e23980ad00d6', '402881f844e2391c0144e23980ad00d5', NULL, NULL, 0, '2014-03-21', NULL, '产品经理', NULL, NULL, NULL, '18910026861', NULL, NULL, NULL, NULL, NULL, NULL, NULL, NULL, NULL, NULL, NULL, NULL, NULL, NULL, 0, '0', 1), ('402881f844e2391c0144e23980c600d8', '402881f844e2391c0144e23980c500d7', NULL, NULL, 0, '2014-03-21', NULL, '产品经理', NULL, NULL, NULL, '18611411059', NULL, NULL, NULL, NULL, NULL, NULL, NULL, NULL, NULL, NULL, NULL, NULL, NULL, NULL, 0, '0', 1), ('402881f844e2391c0144e23980e700da', '402881f844e2391c0144e23980e700d9', NULL, NULL, 0, '2014-03-21', NULL, '产品经理', NULL, NULL, NULL, '13381111101', NULL, NULL, NULL, NULL, NULL, NULL, NULL, NULL, NULL, NULL, NULL, NULL, NULL, NULL, 0, '0', 1), ('402881f844e2391c0144e239810600dc', '402881f844e2391c0144e239810500db', NULL, NULL, 0, '2014-03-21', NULL, '交互设计师', NULL, NULL, NULL, '15712970612', NULL, NULL, NULL, NULL, NULL, NULL, NULL, NULL, NULL, NULL, NULL, NULL, NULL, NULL, 0, '0', 1), ('402881f844e2391c0144e239811c00de', '402881f844e2391c0144e239811b00dd', NULL, NULL, 0, '2014-03-21', NULL, '高级培训经理', NULL, NULL, NULL, '13911988003', NULL, NULL, NULL, NULL, NULL, NULL, NULL, NULL, NULL, NULL, NULL, NULL, NULL, NULL, 0, '0', 1), ('402881f844e2391c0144e239815500e0', '402881f844e2391c0144e239815500df', NULL, NULL, 0, '2014-03-21', NULL, '技术支持部总监', NULL, NULL, NULL, '15810489171', NULL, NULL, NULL, NULL, NULL, NULL, NULL, NULL, NULL, NULL, NULL, NULL, NULL, NULL, 0, '0', 1), ('402881f844e2391c0144e239817500e2', '402881f844e2391c0144e239817500e1', NULL, NULL, 0, '2014-03-21', NULL, '技术支持工程师', NULL, NULL, NULL, '13911893850', NULL, NULL, NULL, NULL, NULL, NULL, NULL, NULL, NULL, NULL, NULL, NULL, NULL, NULL, 0, '0', 1), ('402881f844e2391c0144e239819900e4', '402881f844e2391c0144e239819900e3', NULL, NULL, 0, '2014-03-21', NULL, '移动信息化咨询顾问', NULL, NULL, NULL, '18502146522', NULL, NULL, NULL, NULL, NULL, NULL, NULL, NULL, NULL, NULL, NULL, NULL, NULL, NULL, 0, '0', 1), ('402881f844e2391c0144e239837b00e6', '402881f844e2391c0144e239837b00e5', NULL, NULL, 0, '2014-03-21', NULL, '售前经理', NULL, NULL, NULL, '13881790102', NULL, NULL, NULL, NULL, NULL, NULL, NULL, NULL, NULL, NULL, NULL, NULL, NULL, NULL, 0, '0', 1), ('402881f844e2391c0144e239839c00e8', '402881f844e2391c0144e239839c00e7', NULL, NULL, 0, '2014-03-21', NULL, '售前经理', NULL, NULL, NULL, '18710195376', NULL, NULL, NULL, NULL, NULL, NULL, NULL, NULL, NULL, NULL, NULL, NULL, NULL, NULL, 0, '0', 1), ('402881f844e2391c0144e23983bb00ea', '402881f844e2391c0144e23983bb00e9', NULL, NULL, 0, '2014-03-21', NULL, '产品经理', NULL, NULL, NULL, '18616617005', NULL, NULL, NULL, NULL, NULL, NULL, NULL, NULL, NULL, NULL, NULL, NULL, NULL, NULL, 0, '0', 1), ('402881f844e2391c0144e23983dc00ec', '402881f844e2391c0144e23983dc00eb', NULL, NULL, 0, '2014-03-21', NULL, '产品经理', NULL, NULL, NULL, '18664391632', NULL, NULL, NULL, NULL, NULL, NULL, NULL, NULL, NULL, NULL, NULL, NULL, NULL, NULL, 0, '0', 1), ('402881f844e2391c0144e23983f500ee', '402881f844e2391c0144e23983f500ed', NULL, NULL, 0, '2014-03-21', NULL, '产品经理', NULL, NULL, NULL, '13632875774', NULL, NULL, NULL, NULL, NULL, NULL, NULL, NULL, NULL, NULL, NULL, NULL, NULL, NULL, 0, '0', 1), ('402881f844e2391c0144e239841300f0', '402881f844e2391c0144e239841300ef', NULL, NULL, 0, '2014-03-21', NULL, '技术支持工程师', NULL, NULL, NULL, '15801682608', NULL, NULL, NULL, NULL, NULL, NULL, NULL, NULL, NULL, NULL, NULL, NULL, NULL, NULL, 0, '0', 1), ('402881f844e2391c0144e239843400f2', '402881f844e2391c0144e239843400f1', NULL, NULL, 0, '2014-03-21', NULL, '售前经理', NULL, NULL, NULL, '18901171350', NULL, NULL, NULL, NULL, NULL, NULL, NULL, NULL, NULL, NULL, NULL, NULL, NULL, NULL, 0, '0', 1), ('402881f844e2391c0144e239845500f4', '402881f844e2391c0144e239845500f3', NULL, NULL, 0, '2014-03-21', NULL, '实施工程师', NULL, NULL, NULL, '13811013157', NULL, NULL, NULL, NULL, NULL, NULL, NULL, NULL, NULL, NULL, NULL, NULL, NULL, NULL, 0, '0', 1), ('402881f844e2391c0144e239847800f6', '402881f844e2391c0144e239847800f5', NULL, NULL, 0, '2014-03-21', NULL, '实施工程师', NULL, NULL, NULL, '13716649190', NULL, NULL, NULL, NULL, NULL, NULL, NULL, NULL, NULL, NULL, NULL, NULL, NULL, NULL, 0, '0', 1), ('402881f844e2391c0144e239849800f8', '402881f844e2391c0144e239849800f7', NULL, NULL, 0, '2014-03-21', NULL, '技术经理', NULL, NULL, NULL, '18238281823', NULL, NULL, NULL, NULL, NULL, NULL, NULL, NULL, NULL, NULL, NULL, NULL, NULL, NULL, 0, '0', 1), ('402881f844e2391c0144e23984b900fa', '402881f844e2391c0144e23984b900f9', NULL, NULL, 0, '2014-03-21', NULL, '大客户高级经理', NULL, NULL, NULL, '15800601045', NULL, NULL, NULL, NULL, NULL, NULL, NULL, NULL, NULL, NULL, NULL, NULL, NULL, NULL, 0, '0', 1), ('402881f844e2391c0144e23984da00fc', '402881f844e2391c0144e23984da00fb', NULL, NULL, 0, '2014-03-21', NULL, '大客户高级经理', NULL, NULL, NULL, '13808056698', NULL, NULL, NULL, NULL, NULL, NULL, NULL, NULL, NULL, NULL, NULL, NULL, NULL, NULL, 0, '0', 1), ('402881f844e2391c0144e23984fa00fe', '402881f844e2391c0144e23984fa00fd', NULL, NULL, 0, '2014-03-21', NULL, '大客户高级经理', NULL, NULL, NULL, '18600831511', NULL, NULL, NULL, NULL, NULL, NULL, NULL, NULL, NULL, NULL, NULL, NULL, NULL, NULL, 0, '0', 1), ('402881f844e2391c0144e23985100100', '402881f844e2391c0144e239850f00ff', NULL, NULL, 0, '2014-03-21', NULL, '大客户高级经理', NULL, NULL, NULL, '13381037176', NULL, NULL, NULL, NULL, NULL, NULL, NULL, NULL, NULL, NULL, NULL, NULL, NULL, NULL, 0, '0', 1), ('402881f844e2391c0144e23985260102', '402881f844e2391c0144e23985260101', NULL, NULL, 0, '2014-03-21', NULL, '大客户高级经理', NULL, NULL, NULL, '13725125917', NULL, NULL, NULL, NULL, NULL, NULL, NULL, NULL, NULL, NULL, NULL, NULL, NULL, NULL, 0, '0', 1), ('402881f844e2391c0144e239853b0104', '402881f844e2391c0144e239853b0103', NULL, NULL, 0, '2014-03-21', NULL, '大客户高级经理', NULL, NULL, NULL, '13910786448', NULL, NULL, NULL, NULL, NULL, NULL, NULL, NULL, NULL, NULL, NULL, NULL, NULL, NULL, 0, '0', 1), ('402881f844e2391c0144e23985630106', '402881f844e2391c0144e23985630105', NULL, NULL, 0, '2014-03-21', NULL, '大客户高级经理', NULL, NULL, NULL, '18621267676', NULL, NULL, NULL, NULL, NULL, NULL, NULL, NULL, NULL, NULL, NULL, NULL, NULL, NULL, 0, '0', 1), ('402881f844e2391c0144e239858a0108', '402881f844e2391c0144e239858a0107', NULL, NULL, 0, '2014-03-21', NULL, '大客户高级经理', NULL, NULL, NULL, '13911221855', NULL, NULL, NULL, NULL, NULL, NULL, NULL, NULL, NULL, NULL, NULL, NULL, NULL, NULL, 0, '0', 1), ('402881f844e2391c0144e23985aa010a', '402881f844e2391c0144e23985aa0109', NULL, NULL, 0, '2014-03-21', NULL, '项目经理', NULL, NULL, NULL, '18611694030', NULL, NULL, NULL, NULL, NULL, NULL, NULL, NULL, NULL, NULL, NULL, NULL, NULL, NULL, 0, '0', 1), ('402881f844e2391c0144e23985cd010c', '402881f844e2391c0144e23985cc010b', NULL, NULL, 0, '2014-03-21', NULL, '项目经理', NULL, NULL, NULL, '13810423735', NULL, NULL, NULL, NULL, NULL, NULL, NULL, NULL, NULL, NULL, NULL, NULL, NULL, NULL, 0, '0', 1), ('402881f844e2391c0144e23985ed010e', '402881f844e2391c0144e23985ed010d', NULL, NULL, 0, '2014-03-21', NULL, '测试工程师', NULL, NULL, NULL, '13426306561', NULL, NULL, NULL, NULL, NULL, NULL, NULL, NULL, NULL, NULL, NULL, NULL, NULL, NULL, 0, '0', 1), ('402881f844e2391c0144e23986010110', '402881f844e2391c0144e2398601010f', NULL, NULL, 0, '2014-03-21', NULL, 'Android开发工程师', NULL, NULL, NULL, '13366543395', NULL, NULL, NULL, NULL, NULL, NULL, NULL, NULL, NULL, NULL, NULL, NULL, NULL, NULL, 0, '0', 1), ('402881f844e2391c0144e23986230112', '402881f844e2391c0144e23986230111', NULL, NULL, 0, '2014-03-21', NULL, 'Android开发工程师', NULL, NULL, NULL, '15510028535', NULL, NULL, NULL, NULL, NULL, NULL, NULL, NULL, NULL, NULL, NULL, NULL, NULL, NULL, 0, '0', 1), ('402881f844e2391c0144e23986380114', '402881f844e2391c0144e23986380113', NULL, NULL, 0, '2014-03-21', NULL, 'ios开发工程师', NULL, NULL, NULL, '13701336746', NULL, NULL, NULL, NULL, NULL, NULL, NULL, NULL, NULL, NULL, NULL, NULL, NULL, NULL, 0, '0', 1), ('402881f844e2391c0144e23986500116', '402881f844e2391c0144e23986500115', NULL, NULL, 0, '2014-03-21', NULL, 'ios开发工程师', NULL, NULL, NULL, '15811042938', NULL, NULL, NULL, NULL, NULL, NULL, NULL, NULL, NULL, NULL, NULL, NULL, NULL, NULL, 0, '0', 1), ('402881f844e2391c0144e23986640118', '402881f844e2391c0144e23986640117', NULL, NULL, 0, '2014-03-21', NULL, 'ios开发工程师', NULL, NULL, NULL, '13240012000', NULL, NULL, NULL, NULL, NULL, NULL, NULL, NULL, NULL, NULL, NULL, NULL, NULL, NULL, 0, '0', 1), ('402881f844e2391c0144e239869d011a', '402881f844e2391c0144e239869d0119', NULL, NULL, 0, '2014-03-21', NULL, 'Java开发工程师', NULL, NULL, NULL, '18611948374', NULL, NULL, NULL, NULL, NULL, NULL, NULL, NULL, NULL, NULL, NULL, NULL, NULL, NULL, 0, '0', 1), ('402881f844e2391c0144e23986b6011c', '402881f844e2391c0144e23986b6011b', NULL, NULL, 0, '2014-03-21', NULL, 'java开发工程师', NULL, NULL, NULL, '15011184074', NULL, NULL, NULL, NULL, NULL, NULL, NULL, NULL, NULL, NULL, NULL, NULL, NULL, NULL, 0, '0', 1), ('402881f844e2391c0144e23986d4011e', '402881f844e2391c0144e23986d4011d', NULL, NULL, 0, '2014-03-21', NULL, 'android工程师', NULL, NULL, NULL, '15501038905', NULL, NULL, NULL, NULL, NULL, NULL, NULL, NULL, NULL, NULL, NULL, NULL, NULL, NULL, 0, '0', 1), ('402881f844e2391c0144e23986f50120', '402881f844e2391c0144e23986f5011f', NULL, NULL, 0, '2014-03-21', NULL, 'IOS开发工程师', NULL, NULL, NULL, '13811839175', NULL, NULL, NULL, NULL, NULL, NULL, NULL, NULL, NULL, NULL, NULL, NULL, NULL, NULL, 0, '0', 1), ('402881f844e2391c0144e239870a0122', '402881f844e2391c0144e23987090121', NULL, NULL, 0, '2014-03-21', NULL, '项目经理', NULL, NULL, NULL, '13910470855', NULL, NULL, NULL, NULL, NULL, NULL, NULL, NULL, NULL, NULL, NULL, NULL, NULL, NULL, 0, '0', 1), ('402881f844e2391c0144e23987210124', '402881f844e2391c0144e23987210123', NULL, NULL, 0, '2014-03-21', NULL, '项目经理', NULL, NULL, NULL, '13601024631', NULL, NULL, NULL, NULL, NULL, NULL, NULL, NULL, NULL, NULL, NULL, NULL, NULL, NULL, 0, '0', 1), ('402881f844e2391c0144e23987360126', '402881f844e2391c0144e23987350125', NULL, NULL, 0, '2014-03-21', NULL, '项目经理', NULL, NULL, NULL, '15801463705', NULL, NULL, NULL, NULL, NULL, NULL, NULL, NULL, NULL, NULL, NULL, NULL, NULL, NULL, 0, '0', 1), ('402881f844e2391c0144e23987580128', '402881f844e2391c0144e23987580127', NULL, NULL, 0, '2014-03-21', NULL, '项目经理', NULL, NULL, NULL, '15010333802', NULL, NULL, NULL, NULL, NULL, NULL, NULL, NULL, NULL, NULL, NULL, NULL, NULL, NULL, 0, '0', 1), ('402881f844e2391c0144e239876d012a', '402881f844e2391c0144e239876d0129', NULL, NULL, 0, '2014-03-21', NULL, 'Android开发工程师', NULL, NULL, NULL, '15602926106', NULL, NULL, NULL, NULL, NULL, NULL, NULL, NULL, NULL, NULL, NULL, NULL, NULL, NULL, 0, '0', 1), ('402881f844e2391c0144e2398786012c', '402881f844e2391c0144e2398786012b', NULL, NULL, 0, '2014-03-21', NULL, 'ios开发工程师', NULL, NULL, NULL, '13938405142', NULL, NULL, NULL, NULL, NULL, NULL, NULL, NULL, NULL, NULL, NULL, NULL, NULL, NULL, 0, '0', 1), ('402881f844e2391c0144e23987b0012e', '402881f844e2391c0144e23987b0012d', NULL, NULL, 0, '2014-03-21', NULL, 'ios开发工程师', NULL, NULL, NULL, '18500227661', NULL, NULL, NULL, NULL, NULL, NULL, NULL, NULL, NULL, NULL, NULL, NULL, NULL, NULL, 0, '0', 1), ('402881f844e2391c0144e23987c50130', '402881f844e2391c0144e23987c4012f', NULL, NULL, 0, '2014-03-21', NULL, 'ios开发工程师', NULL, NULL, NULL, '18201014812', NULL, NULL, NULL, NULL, NULL, NULL, NULL, NULL, NULL, NULL, NULL, NULL, NULL, NULL, 0, '0', 1), ('402881f844e2391c0144e23987dc0132', '402881f844e2391c0144e23987dc0131', NULL, NULL, 0, '2014-03-21', NULL, 'ios开发工程师', NULL, NULL, NULL, '18810015225', NULL, NULL, NULL, NULL, NULL, NULL, NULL, NULL, NULL, NULL, NULL, NULL, NULL, NULL, 0, '0', 1), ('402881f844e2391c0144e23987f50134', '402881f844e2391c0144e23987f50133', NULL, NULL, 0, '2014-03-21', NULL, 'Java开发工程师', NULL, NULL, NULL, '18610721773', NULL, NULL, NULL, NULL, NULL, NULL, NULL, NULL, NULL, NULL, NULL, NULL, NULL, NULL, 0, '0', 1), ('402881f844e2391c0144e23988130136', '402881f844e2391c0144e23988130135', NULL, NULL, 0, '2014-03-21', NULL, 'Java开发工程师', NULL, NULL, NULL, '13261210733', NULL, NULL, NULL, NULL, NULL, NULL, NULL, NULL, NULL, NULL, NULL, NULL, NULL, NULL, 0, '0', 1), ('402881f844e2391c0144e23988270138', '402881f844e2391c0144e23988270137', NULL, NULL, 0, '2014-03-21', NULL, '高级测试工程师', NULL, NULL, NULL, '15210435137', NULL, NULL, NULL, NULL, NULL, NULL, NULL, NULL, NULL, NULL, NULL, NULL, NULL, NULL, 0, '0', 1), ('402881f844e2391c0144e239884a013a', '402881f844e2391c0144e239884a0139', NULL, NULL, 0, '2014-03-21', NULL, '测试工程师', NULL, NULL, NULL, '15148086182', NULL, NULL, NULL, NULL, NULL, NULL, NULL, NULL, NULL, NULL, NULL, NULL, NULL, NULL, 0, '0', 1), ('402881f844e2391c0144e2398881013c', '402881f844e2391c0144e2398881013b', NULL, NULL, 0, '2014-03-21', NULL, 'Android开发工程师', NULL, NULL, NULL, '15101125447', NULL, NULL, NULL, NULL, NULL, NULL, NULL, NULL, NULL, NULL, NULL, NULL, NULL, NULL, 0, '0', 1), ('402881f844e2391c0144e239889a013e', '402881f844e2391c0144e239889a013d', NULL, NULL, 0, '2014-03-21', NULL, 'ios开发工程师', NULL, NULL, NULL, '13501392204', NULL, NULL, NULL, NULL, NULL, NULL, NULL, NULL, NULL, NULL, NULL, NULL, NULL, NULL, 0, '0', 1), ('402881f844e2391c0144e23988b80140', '402881f844e2391c0144e23988b8013f', NULL, NULL, 0, '2014-03-21', NULL, 'ios开发工程师', NULL, NULL, NULL, '18810887471', NULL, NULL, NULL, NULL, NULL, NULL, NULL, NULL, NULL, NULL, NULL, NULL, NULL, NULL, 0, '0', 1), ('402881f844e2391c0144e23988d00142', '402881f844e2391c0144e23988d00141', NULL, NULL, 0, '2014-03-21', NULL, 'ios开发工程师', NULL, NULL, NULL, '15811419815', NULL, NULL, NULL, NULL, NULL, NULL, NULL, NULL, NULL, NULL, NULL, NULL, NULL, NULL, 0, '0', 1), ('402881f844e2391c0144e23988ef0144', '402881f844e2391c0144e23988ef0143', NULL, NULL, 0, '2014-03-21', NULL, 'Java开发工程师', NULL, NULL, NULL, '13426252627', NULL, NULL, NULL, NULL, NULL, NULL, NULL, NULL, NULL, NULL, NULL, NULL, NULL, NULL, 0, '0', 1), ('402881f844e2391c0144e23989040146', '402881f844e2391c0144e23989040145', NULL, NULL, 0, '2014-03-21', NULL, 'Java开发工程师', NULL, NULL, NULL, '13717701790', NULL, NULL, NULL, NULL, NULL, NULL, NULL, NULL, NULL, NULL, NULL, NULL, NULL, NULL, 0, '0', 1), ('402881f844e2391c0144e239891b0148', '402881f844e2391c0144e239891b0147', NULL, NULL, 0, '2014-03-21', NULL, 'Java开发工程师', NULL, NULL, NULL, '15522510350', NULL, NULL, NULL, NULL, NULL, NULL, NULL, NULL, NULL, NULL, NULL, NULL, NULL, NULL, 0, '0', 1), ('402881f844e2391c0144e2398934014a', '402881f844e2391c0144e23989340149', NULL, NULL, 0, '2014-03-21', NULL, '项目经理', NULL, NULL, NULL, '13381017557', NULL, NULL, NULL, NULL, NULL, NULL, NULL, NULL, NULL, NULL, NULL, NULL, NULL, NULL, 0, '0', 1), ('402881f844e2391c0144e2398952014c', '402881f844e2391c0144e2398952014b', NULL, NULL, 0, '2014-03-21', NULL, '项目经理', NULL, NULL, NULL, '18600699615', NULL, NULL, NULL, NULL, NULL, NULL, NULL, NULL, NULL, NULL, NULL, NULL, NULL, NULL, 0, '0', 1), ('402881f844e2391c0144e2398967014e', '402881f844e2391c0144e2398966014d', NULL, NULL, 0, '2014-03-21', NULL, '项目经理', NULL, NULL, NULL, '13651065180', NULL, NULL, NULL, NULL, NULL, NULL, NULL, NULL, NULL, NULL, NULL, NULL, NULL, NULL, 0, '0', 1), ('402881f844e2391c0144e239897e0150', '402881f844e2391c0144e239897e014f', NULL, NULL, 0, '2014-03-21', NULL, 'Android开发工程师', NULL, NULL, NULL, '13681100491', NULL, NULL, NULL, NULL, NULL, NULL, NULL, NULL, NULL, NULL, NULL, NULL, NULL, NULL, 0, '0', 1), ('402881f844e2391c0144e23989930152', '402881f844e2391c0144e23989930151', NULL, NULL, 0, '2014-03-21', NULL, 'Java开发工程师', NULL, NULL, NULL, '15801395993', NULL, NULL, NULL, NULL, NULL, NULL, NULL, NULL, NULL, NULL, NULL, NULL, NULL, NULL, 0, '0', 1), ('402881f844e2391c0144e23989aa0154', '402881f844e2391c0144e23989aa0153', NULL, NULL, 0, '2014-03-21', NULL, 'Java开发工程师', NULL, NULL, NULL, '15911128764', NULL, NULL, NULL, NULL, NULL, NULL, NULL, NULL, NULL, NULL, NULL, NULL, NULL, NULL, 0, '0', 1), ('402881f844e2391c0144e23989c50156', '402881f844e2391c0144e23989c50155', NULL, NULL, 0, '2014-03-21', NULL, '总监', NULL, NULL, NULL, '13810846454', NULL, NULL, NULL, NULL, NULL, NULL, NULL, NULL, NULL, NULL, NULL, NULL, NULL, NULL, 0, '0', 1), ('402881f844e2391c0144e23989e40158', '402881f844e2391c0144e23989e40157', NULL, NULL, 0, '2014-03-21', NULL, '项目主管', NULL, NULL, NULL, '18610294949', NULL, NULL, NULL, NULL, NULL, NULL, NULL, NULL, NULL, NULL, NULL, NULL, NULL, NULL, 0, '0', 1), ('402881f844e2391c0144e2398a05015a', '402881f844e2391c0144e2398a050159', NULL, NULL, 0, '2014-03-21', NULL, 'UI设计', NULL, NULL, NULL, '18600901827', NULL, NULL, NULL, NULL, NULL, NULL, NULL, NULL, NULL, NULL, NULL, NULL, NULL, NULL, 0, '0', 1), ('402881f844e2391c0144e2398a24015c', '402881f844e2391c0144e2398a24015b', NULL, NULL, 0, '2014-03-21', NULL, 'UI设计', NULL, NULL, NULL, '15901560517', NULL, NULL, NULL, NULL, NULL, NULL, NULL, NULL, NULL, NULL, NULL, NULL, NULL, NULL, 0, '0', 1), ('402881f844e2391c0144e2398a45015e', '402881f844e2391c0144e2398a45015d', NULL, NULL, 0, '2014-03-21', NULL, 'UI设计', NULL, NULL, NULL, '15010206435', NULL, NULL, NULL, NULL, NULL, NULL, NULL, NULL, NULL, NULL, NULL, NULL, NULL, NULL, 0, '0', 1), ('402881f844e2391c0144e2398a590160', '402881f844e2391c0144e2398a59015f', NULL, NULL, 0, '2014-03-21', NULL, 'UI设计', NULL, NULL, NULL, '13718074993', NULL, NULL, NULL, NULL, NULL, NULL, NULL, NULL, NULL, NULL, NULL, NULL, NULL, NULL, 0, '0', 1), ('402881f844e2391c0144e2398a7d0162', '402881f844e2391c0144e2398a7d0161', NULL, NULL, 0, '2014-03-21', NULL, 'UI设计', NULL, NULL, NULL, '13260219213', NULL, NULL, NULL, NULL, NULL, NULL, NULL, NULL, NULL, NULL, NULL, NULL, NULL, NULL, 0, '0', 1), ('402881f844e2391c0144e2398a9d0164', '402881f844e2391c0144e2398a9d0163', NULL, NULL, 0, '2014-03-21', NULL, '总经理', NULL, NULL, NULL, '13911083538', NULL, NULL, NULL, NULL, NULL, NULL, NULL, NULL, NULL, NULL, NULL, NULL, NULL, NULL, 0, '0', 1), ('402881f844e2391c0144e2398b2f0166', '402881f844e2391c0144e2398b2f0165', NULL, NULL, 0, '2014-03-21', NULL, '副总经理', NULL, NULL, NULL, '18611397723', NULL, NULL, NULL, NULL, NULL, NULL, NULL, NULL, NULL, NULL, NULL, NULL, NULL, NULL, 0, '0', 1), ('402881f844e2391c0144e2398b940168', '402881f844e2391c0144e2398b940167', NULL, NULL, 0, '2014-03-21', NULL, '总监', NULL, NULL, NULL, '13810822714', NULL, NULL, NULL, NULL, NULL, NULL, NULL, NULL, NULL, NULL, NULL, NULL, NULL, NULL, 0, '0', 1), ('402881f844e2391c0144e2398c0a016a', '402881f844e2391c0144e2398c090169', NULL, NULL, 0, '2014-03-21', NULL, '总监', NULL, NULL, NULL, '18500030409', NULL, NULL, NULL, NULL, NULL, NULL, NULL, NULL, NULL, NULL, NULL, NULL, NULL, NULL, 0, '0', 1), ('402881f844e2391c0144e2398c6e016c', '402881f844e2391c0144e2398c6e016b', NULL, NULL, 0, '2014-03-21', NULL, 'java开发工程师/leader', NULL, NULL, NULL, '18611866642', NULL, NULL, NULL, NULL, NULL, NULL, NULL, NULL, NULL, NULL, NULL, NULL, NULL, NULL, 0, '0', 1), ('402881f844e2391c0144e2398c8c016e', '402881f844e2391c0144e2398c8c016d', NULL, NULL, 0, '2014-03-21', NULL, '软件开发工程师', NULL, NULL, NULL, '13943023987', NULL, NULL, NULL, NULL, NULL, NULL, NULL, NULL, NULL, NULL, NULL, NULL, NULL, NULL, 0, '0', 1), ('402881f844e2391c0144e2398caf0170', '402881f844e2391c0144e2398caf016f', NULL, NULL, 0, '2014-03-21', NULL, 'UI设计', NULL, NULL, NULL, '18801355904', NULL, NULL, NULL, NULL, NULL, NULL, NULL, NULL, NULL, NULL, NULL, NULL, NULL, NULL, 0, '0', 1), ('402881f844e2391c0144e2398cd00172', '402881f844e2391c0144e2398cd00171', NULL, NULL, 0, '2014-03-21', NULL, '交互设计师', NULL, NULL, NULL, '18600628547', NULL, NULL, NULL, NULL, NULL, NULL, NULL, NULL, NULL, NULL, NULL, NULL, NULL, NULL, 0, '0', 1), ('402881f844e2391c0144e2398cef0174', '402881f844e2391c0144e2398cef0173', NULL, NULL, 0, '2014-03-21', NULL, 'web前段开发工程师', NULL, NULL, NULL, '13051260409', NULL, NULL, NULL, NULL, NULL, NULL, NULL, NULL, NULL, NULL, NULL, NULL, NULL, NULL, 0, '0', 1), ('402881f844e2391c0144e2398d1b0176', '402881f844e2391c0144e2398d1b0175', NULL, NULL, 0, '2014-03-21', NULL, 'java工程师', NULL, NULL, NULL, '13426361933', NULL, NULL, NULL, NULL, NULL, NULL, NULL, NULL, NULL, NULL, NULL, NULL, NULL, NULL, 0, '0', 1), ('402881f844e2391c0144e2398d310178', '402881f844e2391c0144e2398d310177', NULL, NULL, 0, '2014-03-21', NULL, 'java工程师', NULL, NULL, NULL, '18701379183', NULL, NULL, NULL, NULL, NULL, NULL, NULL, NULL, NULL, NULL, NULL, NULL, NULL, NULL, 0, '0', 1), ('402881f844e2391c0144e2398d56017a', '402881f844e2391c0144e2398d560179', NULL, NULL, 0, '2014-03-21', NULL, 'Android开发工程师', NULL, NULL, NULL, '18810939863', NULL, NULL, NULL, NULL, NULL, NULL, NULL, NULL, NULL, NULL, NULL, NULL, NULL, NULL, 0, '0', 1), ('402881f844e2391c0144e2398d71017c', '402881f844e2391c0144e2398d71017b', NULL, NULL, 0, '2014-03-21', NULL, 'java工程师', NULL, NULL, NULL, '18612268984', NULL, NULL, NULL, NULL, NULL, NULL, NULL, NULL, NULL, NULL, NULL, NULL, NULL, NULL, 0, '0', 1), ('402881f844e2391c0144e2398d89017e', '402881f844e2391c0144e2398d89017d', NULL, NULL, 0, '2014-03-21', NULL, 'UI设计', NULL, NULL, NULL, '13426268790', NULL, NULL, NULL, NULL, NULL, NULL, NULL, NULL, NULL, NULL, NULL, NULL, NULL, NULL, 0, '0', 1), ('402881f844e2391c0144e2398da00180', '402881f844e2391c0144e2398da0017f', NULL, NULL, 0, '2014-03-21', NULL, '前端开发工程师', NULL, NULL, NULL, '13167313293', NULL, NULL, NULL, NULL, NULL, NULL, NULL, NULL, NULL, NULL, NULL, NULL, NULL, NULL, 0, '0', 1), ('402881f844e2391c0144e2398dc00182', '402881f844e2391c0144e2398dc00181', NULL, NULL, 0, '2014-03-21', NULL, 'UI设计', NULL, NULL, NULL, '13370179317', NULL, NULL, NULL, NULL, NULL, NULL, NULL, NULL, NULL, NULL, NULL, NULL, NULL, NULL, 0, '0', 1), ('402881f844e2391c0144e2398dd40184', '402881f844e2391c0144e2398dd40183', NULL, NULL, 0, '2014-03-21', NULL, 'ios开发工程师', NULL, NULL, NULL, '13857702077', NULL, NULL, NULL, NULL, NULL, NULL, NULL, NULL, NULL, NULL, NULL, NULL, NULL, NULL, 0, '0', 1), ('402881f844e2391c0144e2398dec0186', '402881f844e2391c0144e2398dec0185', NULL, NULL, 0, '2014-03-21', NULL, 'UI设计师', NULL, NULL, NULL, '13811906564', NULL, NULL, NULL, NULL, NULL, NULL, NULL, NULL, NULL, NULL, NULL, NULL, NULL, NULL, 0, '0', 1), ('402881f844e2391c0144e2398e000188', '402881f844e2391c0144e2398e000187', NULL, NULL, 0, '2014-03-21', NULL, '前端开发工程师', NULL, NULL, NULL, '13910623402', NULL, NULL, NULL, NULL, NULL, NULL, NULL, NULL, NULL, NULL, NULL, NULL, NULL, NULL, 0, '0', 1), ('402881f844e2391c0144e2398e18018a', '402881f844e2391c0144e2398e180189', NULL, NULL, 0, '2014-03-21', NULL, '副总经理（服务）', NULL, NULL, NULL, '13911307210', NULL, NULL, NULL, NULL, NULL, NULL, NULL, NULL, NULL, NULL, NULL, NULL, NULL, NULL, 0, '0', 1), ('402881f844e2391c0144e2398e31018c', '402881f844e2391c0144e2398e31018b', NULL, NULL, 0, '2014-03-21', NULL, '助理', NULL, NULL, NULL, '13810147987', NULL, NULL, NULL, NULL, NULL, NULL, NULL, NULL, NULL, NULL, NULL, NULL, NULL, NULL, 0, '0', 1), ('402881f844e2391c0144e2398e4f018e', '402881f844e2391c0144e2398e4f018d', NULL, NULL, 0, '2014-03-21', NULL, '助理', NULL, NULL, NULL, '15810839302', NULL, NULL, NULL, NULL, NULL, NULL, NULL, NULL, NULL, NULL, NULL, NULL, NULL, NULL, 0, '0', 1), ('402881f844e2391c0144e2398e630190', '402881f844e2391c0144e2398e63018f', NULL, NULL, 0, '2014-03-21', NULL, '电话客服', NULL, NULL, NULL, '18231662654', NULL, NULL, NULL, NULL, NULL, NULL, NULL, NULL, NULL, NULL, NULL, NULL, NULL, NULL, 0, '0', 1), ('402881f844e2391c0144e2398e7c0192', '402881f844e2391c0144e2398e7c0191', NULL, NULL, 0, '2014-03-21', NULL, '技术支持经理', NULL, NULL, NULL, '13910652808', NULL, NULL, NULL, NULL, NULL, NULL, NULL, NULL, NULL, NULL, NULL, NULL, NULL, NULL, 0, '0', 1), ('402881f844e2391c0144e2398e9c0194', '402881f844e2391c0144e2398e9c0193', NULL, NULL, 0, '2014-03-21', NULL, '技术支持工程师', NULL, NULL, NULL, '13810147191', NULL, NULL, NULL, NULL, NULL, NULL, NULL, NULL, NULL, NULL, NULL, NULL, NULL, NULL, 0, '0', 1), ('402881f844e2391c0144e2398eb00196', '402881f844e2391c0144e2398eb00195', NULL, NULL, 0, '2014-03-21', NULL, '技术支持工程师', NULL, NULL, NULL, '13810145913', NULL, NULL, NULL, NULL, NULL, NULL, NULL, NULL, NULL, NULL, NULL, NULL, NULL, NULL, 0, '0', 1), ('402881f844e2391c0144e2398ed30198', '402881f844e2391c0144e2398ed30197', NULL, NULL, 0, '2014-03-21', NULL, '技术支持工程师', NULL, NULL, NULL, '15910258003', NULL, NULL, NULL, NULL, NULL, NULL, NULL, NULL, NULL, NULL, NULL, NULL, NULL, NULL, 0, '0', 1), ('402881f844e2391c0144e2398ee7019a', '402881f844e2391c0144e2398ee70199', NULL, NULL, 0, '2014-03-21', NULL, '技术支持工程师', NULL, NULL, NULL, '15201086490', NULL, NULL, NULL, NULL, NULL, NULL, NULL, NULL, NULL, NULL, NULL, NULL, NULL, NULL, 0, '0', 1), ('402881f844e2391c0144e2398eff019c', '402881f844e2391c0144e2398eff019b', NULL, NULL, 0, '2014-03-21', NULL, '技术支持工程师', NULL, NULL, NULL, '13911693774', NULL, NULL, NULL, NULL, NULL, NULL, NULL, NULL, NULL, NULL, NULL, NULL, NULL, NULL, 0, '0', 1), ('402881f844e2391c0144e2398f13019e', '402881f844e2391c0144e2398f13019d', NULL, NULL, 0, '2014-03-21', NULL, '设备支持经理', NULL, NULL, NULL, '18511559990', NULL, NULL, NULL, NULL, NULL, NULL, NULL, NULL, NULL, NULL, NULL, NULL, NULL, NULL, 0, '0', 1), ('402881f844e2391c0144e2398f2b01a0', '402881f844e2391c0144e2398f2b019f', NULL, NULL, 0, '2014-03-21', NULL, 'NS-MEAP总架构师/leader', NULL, NULL, NULL, '15810667393', NULL, NULL, NULL, NULL, NULL, NULL, NULL, NULL, NULL, NULL, NULL, NULL, NULL, NULL, 0, '0', 1), ('402881f844e2391c0144e2398f3f01a2', '402881f844e2391c0144e2398f3f01a1', NULL, NULL, 0, '2014-03-21', NULL, 'BB/HTML5开发工程师', NULL, NULL, NULL, '18610032225', NULL, NULL, NULL, NULL, NULL, NULL, NULL, NULL, NULL, NULL, NULL, NULL, NULL, NULL, 0, '0', 1), ('402881f844e2391c0144e2398f5701a4', '402881f844e2391c0144e2398f5701a3', NULL, NULL, 0, '2014-03-21', NULL, 'ios开发工程师', NULL, NULL, NULL, '15065418040', NULL, NULL, NULL, NULL, NULL, NULL, NULL, NULL, NULL, NULL, NULL, NULL, NULL, NULL, 0, '0', 1), ('402881f844e2391c0144e2398f6b01a6', '402881f844e2391c0144e2398f6b01a5', NULL, NULL, 0, '2014-03-21', NULL, 'ios开发工程师', NULL, NULL, NULL, '15101695257', NULL, NULL, NULL, NULL, NULL, NULL, NULL, NULL, NULL, NULL, NULL, NULL, NULL, NULL, 0, '0', 1), ('402881f844e2391c0144e2398f8e01a8', '402881f844e2391c0144e2398f8e01a7', NULL, NULL, 0, '2014-03-21', NULL, 'ios开发工程师', NULL, NULL, NULL, '18301046658', NULL, NULL, NULL, NULL, NULL, NULL, NULL, NULL, NULL, NULL, NULL, NULL, NULL, NULL, 0, '0', 1), ('402881f844e2391c0144e2398fa201aa', '402881f844e2391c0144e2398fa201a9', NULL, NULL, 0, '2014-03-21', NULL, '.net架构师/leader/PM', NULL, NULL, NULL, '15010199614', NULL, NULL, NULL, NULL, NULL, NULL, NULL, NULL, NULL, NULL, NULL, NULL, NULL, NULL, 0, '0', 1), ('402881f844e2391c0144e2398fba01ac', '402881f844e2391c0144e2398fba01ab', NULL, NULL, 0, '2014-03-21', NULL, 'win8开发工程师', NULL, NULL, NULL, '18611778067', NULL, NULL, NULL, NULL, NULL, NULL, NULL, NULL, NULL, NULL, NULL, NULL, NULL, NULL, 0, '0', 1), ('402881f844e2391c0144e2398fce01ae', '402881f844e2391c0144e2398fce01ad', NULL, NULL, 0, '2014-03-21', NULL, 'Android开发工程师', NULL, NULL, NULL, '15210263956', NULL, NULL, NULL, NULL, NULL, NULL, NULL, NULL, NULL, NULL, NULL, NULL, NULL, NULL, 0, '0', 1), ('402881f844e2391c0144e2398fe601b0', '402881f844e2391c0144e2398fe601af', NULL, NULL, 0, '2014-03-21', NULL, 'Java开发工程师', NULL, NULL, NULL, '13720056471', NULL, NULL, NULL, NULL, NULL, NULL, NULL, NULL, NULL, NULL, NULL, NULL, NULL, NULL, 0, '0', 1), ('402881f844e2391c0144e2398ffd01b2', '402881f844e2391c0144e2398ffd01b1', NULL, NULL, 0, '2014-03-21', NULL, 'Java开发工程师', NULL, NULL, NULL, '18611629231', NULL, NULL, NULL, NULL, NULL, NULL, NULL, NULL, NULL, NULL, NULL, NULL, NULL, NULL, 0, '0', 1), ('402881f844e2391c0144e239902801b4', '402881f844e2391c0144e239902801b3', NULL, NULL, 0, '2014-03-21', NULL, 'Java开发工程师', NULL, NULL, NULL, '15701238160', NULL, NULL, NULL, NULL, NULL, NULL, NULL, NULL, NULL, NULL, NULL, NULL, NULL, NULL, 0, '0', 1), ('402881f844e2391c0144e239903c01b6', '402881f844e2391c0144e239903c01b5', NULL, NULL, 0, '2014-03-21', NULL, 'Android开发工程师', NULL, NULL, NULL, '18618453124', NULL, NULL, NULL, NULL, NULL, NULL, NULL, NULL, NULL, NULL, NULL, NULL, NULL, NULL, 0, '0', 1), ('402881f844e2391c0144e239905501b8', '402881f844e2391c0144e239905501b7', NULL, NULL, 0, '2014-03-21', NULL, 'web前端开发工程师', NULL, NULL, NULL, '13269002428', NULL, NULL, NULL, NULL, NULL, NULL, NULL, NULL, NULL, NULL, NULL, NULL, NULL, NULL, 0, '0', 1);
